#All mapped transcription start sites to the M. tuberculosis genome during exponential growth,,,,,,,,
#,,,,,,,,
#Strand indicates the DNA strand of the TSS. F: forward strand; R: reverse strand.,,,,,,,,
#,,,,,,,,
Genome position,Strand,,,,,,,
114,F,,,,,,,
538,F,,,,,,,
1267,R,,,,,,,
1794,F,,,,,,,
1935,F,,,,,,,
2305,R,,,,,,,
3034,F,,,,,,,
3834,F,,,,,,,
5181,F,,,,,,,
5287,R,,,,,,,
5348,F,,,,,,,
5569,F,,,,,,,
7890,F,,,,,,,
8207,R,,,,,,,
8883,F,,,,,,,
9112,F,,,,,,,
10962,F,,,,,,,
11112,F,,,,,,,
12484,F,,,,,,,
14067,F,,,,,,,
14085,R,,,,,,,
14914,F,,,,,,,
19032,R,,,,,,,
19826,R,,,,,,,
21401,R,,,,,,,
22566,R,,,,,,,
23370,R,,,,,,,
23796,R,,,,,,,
23868,F,,,,,,,
24125,R,,,,,,,
24670,F,,,,,,,
24948,R,,,,,,,
25011,R,,,,,,,
25132,R,,,,,,,
25241,R,,,,,,,
25515,R,,,,,,,
25628,F,,,,,,,
25719,R,,,,,,,
29245,F,,,,,,,
29632,F,,,,,,,
29685,F,,,,,,,
30184,R,,,,,,,
31967,R,,,,,,,
32057,F,,,,,,,
33047,R,,,,,,,
33227,F,,,,,,,
33795,R,,,,,,,
33940,F,,,,,,,
34667,R,,,,,,,
39302,F,,,,,,,
39867,R,,,,,,,
39940,R,,,,,,,
41231,R,,,,,,,
41307,F,,,,,,,
41385,F,,,,,,,
41903,R,,,,,,,
42840,R,,,,,,,
43410,R,,,,,,,
43562,F,,,,,,,
43622,R,,,,,,,
43672,F,,,,,,,
45647,R,,,,,,,
47084,R,,,,,,,
49027,R,,,,,,,
50010,R,,,,,,,
50564,F,,,,,,,
50791,R,,,,,,,
50999,F,,,,,,,
51374,R,,,,,,,
51784,R,,,,,,,
51816,F,,,,,,,
51981,F,,,,,,,
52697,R,,,,,,,
52716,F,,,,,,,
52810,F,,,,,,,
58117,F,,,,,,,
60083,F,,,,,,,
60136,F,,,,,,,
60286,F,,,,,,,
60346,F,,,,,,,
63565,R,,,,,,,
63872,F,,,,,,,
65305,R,,,,,,,
65538,R,,,,,,,
67728,F,,,,,,,
68420,F,,,,,,,
68781,R,,,,,,,
72958,F,,,,,,,
74189,F,,,,,,,
74568,R,,,,,,,
75255,F,,,,,,,
78734,F,,,,,,,
79314,R,,,,,,,
80240,F,,,,,,,
80341,R,,,,,,,
80403,R,,,,,,,
80624,F,,,,,,,
83251,F,,,,,,,
85190,F,,,,,,,
85563,R,,,,,,,
88004,R,,,,,,,
88014,F,,,,,,,
88166,F,,,,,,,
88712,F,,,,,,,
89072,F,,,,,,,
89158,R,,,,,,,
89246,F,,,,,,,
89278,F,,,,,,,
89536,F,,,,,,,
92828,F,,,,,,,
94550,F,,,,,,,
96981,F,,,,,,,
99622,F,,,,,,,
101096,F,,,,,,,
103525,R,,,,,,,
103776,F,,,,,,,
106954,F,,,,,,,
108297,F,,,,,,,
110206,F,,,,,,,
110564,R,,,,,,,
112895,R,,,,,,,
115473,F,,,,,,,
117714,F,,,,,,,
119226,F,,,,,,,
120299,R,,,,,,,
122199,R,,,,,,,
123210,R,,,,,,,
131130,R,,,,,,,
131340,F,,,,,,,
132914,F,,,,,,,
133845,F,,,,,,,
136142,F,,,,,,,
137693,R,,,,,,,
138605,R,,,,,,,
139704,F,,,,,,,
141054,R,,,,,,,
141172,F,,,,,,,
142180,F,,,,,,,
143876,R,,,,,,,
147828,R,,,,,,,
148342,R,,,,,,,
151075,F,,,,,,,
152323,F,,,,,,,
152814,F,,,,,,,
154705,F,,,,,,,
155741,F,,,,,,,
156252,F,,,,,,,
156452,F,,,,,,,
157653,R,,,,,,,
157830,F,,,,,,,
160276,F,,,,,,,
160869,F,,,,,,,
161395,F,,,,,,,
161768,F,,,,,,,
163186,R,,,,,,,
165271,R,,,,,,,
165294,F,,,,,,,
166064,F,,,,,,,
166663,R,,,,,,,
167105,F,,,,,,,
167572,F,,,,,,,
167684,R,,,,,,,
169305,R,,,,,,,
169306,F,,,,,,,
169343,R,,,,,,,
170485,F,,,,,,,
170809,R,,,,,,,
171214,F,,,,,,,
173231,F,,,,,,,
173700,F,,,,,,,
175373,F,,,,,,,
177341,R,,,,,,,
183210,R,,,,,,,
186620,R,,,,,,,
186651,R,,,,,,,
186720,F,,,,,,,
188119,R,,,,,,,
193102,R,,,,,,,
193117,F,,,,,,,
193360,R,,,,,,,
193671,F,,,,,,,
194917,F,,,,,,,
194931,R,,,,,,,
196285,R,,,,,,,
196735,F,,,,,,,
196925,R,,,,,,,
197084,R,,,,,,,
199505,R,,,,,,,
200275,R,,,,,,,
201027,R,,,,,,,
201675,R,,,,,,,
202828,R,,,,,,,
203335,F,,,,,,,
205224,F,,,,,,,
206060,F,,,,,,,
206608,F,,,,,,,
206610,R,,,,,,,
206648,F,,,,,,,
208324,F,,,,,,,
208618,F,,,,,,,
208759,F,,,,,,,
210817,R,,,,,,,
211325,F,,,,,,,
214026,R,,,,,,,
214087,F,,,,,,,
214579,R,,,,,,,
214969,F,,,,,,,
218015,F,,,,,,,
218392,F,,,,,,,
218610,R,,,,,,,
218711,F,,,,,,,
219745,R,,,,,,,
219836,F,,,,,,,
220055,R,,,,,,,
221723,R,,,,,,,
221819,F,,,,,,,
222392,R,,,,,,,
223579,F,,,,,,,
223597,R,,,,,,,
223632,R,,,,,,,
224148,F,,,,,,,
225018,R,,,,,,,
229717,R,,,,,,,
230613,F,,,,,,,
235266,F,,,,,,,
235589,F,,,,,,,
236507,R,,,,,,,
236550,F,,,,,,,
236681,R,,,,,,,
238559,R,,,,,,,
238897,R,,,,,,,
241335,R,,,,,,,
243214,R,,,,,,,
243384,F,,,,,,,
247283,F,,,,,,,
247397,F,,,,,,,
247527,R,,,,,,,
248115,R,,,,,,,
248471,R,,,,,,,
248888,R,,,,,,,
249020,F,,,,,,,
251674,F,,,,,,,
253884,F,,,,,,,
254666,R,,,,,,,
258903,F,,,,,,,
260831,R,,,,,,,
261421,R,,,,,,,
262812,F,,,,,,,
264894,F,,,,,,,
266538,F,,,,,,,
267702,F,,,,,,,
268662,F,,,,,,,
274397,F,,,,,,,
274839,R,,,,,,,
274904,R,,,,,,,
276025,F,,,,,,,
277453,R,,,,,,,
277876,F,,,,,,,
279584,F,,,,,,,
284119,F,,,,,,,
285210,F,,,,,,,
286795,R,,,,,,,
286897,R,,,,,,,
287111,R,,,,,,,
287118,F,,,,,,,
288396,F,,,,,,,
289087,F,,,,,,,
289115,F,,,,,,,
291451,R,,,,,,,
292086,R,,,,,,,
292114,R,,,,,,,
292134,F,,,,,,,
292287,F,,,,,,,
293163,F,,,,,,,
293527,F,,,,,,,
293602,F,,,,,,,
293815,R,,,,,,,
295687,F,,,,,,,
295712,R,,,,,,,
295966,F,,,,,,,
296394,R,,,,,,,
296444,R,,,,,,,
297375,F,,,,,,,
297520,F,,,,,,,
298146,R,,,,,,,
298918,F,,,,,,,
299960,F,,,,,,,
300967,R,,,,,,,
301301,R,,,,,,,
301683,R,,,,,,,
302037,F,,,,,,,
302068,R,,,,,,,
302078,F,,,,,,,
303458,F,,,,,,,
307974,F,,,,,,,
308767,F,,,,,,,
309839,R,,,,,,,
309855,F,,,,,,,
310264,R,,,,,,,
310749,R,,,,,,,
311316,F,,,,,,,
311473,F,,,,,,,
314854,R,,,,,,,
317503,R,,,,,,,
318133,R,,,,,,,
322860,R,,,,,,,
323020,F,,,,,,,
323301,R,,,,,,,
323317,F,,,,,,,
324522,R,,,,,,,
324567,F,,,,,,,
325724,F,,,,,,,
328499,R,,,,,,,
329102,F,,,,,,,
329719,R,,,,,,,
330350,R,,,,,,,
330374,F,,,,,,,
331650,F,,,,,,,
331693,R,,,,,,,
331705,F,,,,,,,
331870,F,,,,,,,
333420,R,,,,,,,
339322,F,,,,,,,
340045,R,,,,,,,
340998,F,,,,,,,
341808,F,,,,,,,
341976,F,,,,,,,
342006,R,,,,,,,
343687,F,,,,,,,
345432,F,,,,,,,
345941,R,,,,,,,
347509,R,,,,,,,
352172,F,,,,,,,
358074,R,,,,,,,
359748,R,,,,,,,
361198,R,,,,,,,
361265,F,,,,,,,
363252,F,,,,,,,
363826,F,,,,,,,
364369,R,,,,,,,
364523,F,,,,,,,
372897,F,,,,,,,
373089,F,,,,,,,
375746,R,,,,,,,
377055,R,,,,,,,
377113,F,,,,,,,
377931,F,,,,,,,
379172,F,,,,,,,
380521,F,,,,,,,
382470,F,,,,,,,
382887,F,,,,,,,
383530,R,,,,,,,
383587,R,,,,,,,
383608,F,,,,,,,
384872,R,,,,,,,
385967,R,,,,,,,
386282,R,,,,,,,
387073,R,,,,,,,
387083,F,,,,,,,
388582,F,,,,,,,
390340,F,,,,,,,
394111,F,,,,,,,
396168,F,,,,,,,
396848,R,,,,,,,
397472,F,,,,,,,
398254,F,,,,,,,
400168,F,,,,,,,
400695,F,,,,,,,
402908,R,,,,,,,
405887,R,,,,,,,
408465,R,,,,,,,
408596,F,,,,,,,
409309,F,,,,,,,
409592,F,,,,,,,
409680,F,,,,,,,
410401,F,,,,,,,
410727,F,,,,,,,
410954,R,,,,,,,
412280,R,,,,,,,
412695,F,,,,,,,
414171,F,,,,,,,
415044,F,,,,,,,
417027,R,,,,,,,
417487,F,,,,,,,
418586,R,,,,,,,
418842,F,,,,,,,
418889,R,,,,,,,
419340,F,,,,,,,
419779,F,,,,,,,
419783,R,,,,,,,
420155,R,,,,,,,
420925,R,,,,,,,
421430,R,,,,,,,
422404,F,,,,,,,
423156,F,,,,,,,
423374,F,,,,,,,
423881,F,,,,,,,
424168,F,,,,,,,
427018,F,,,,,,,
427929,R,,,,,,,
427997,F,,,,,,,
431506,F,,,,,,,
434762,R,,,,,,,
434969,F,,,,,,,
435059,F,,,,,,,
436578,F,,,,,,,
437518,F,,,,,,,
438715,R,,,,,,,
438790,F,,,,,,,
442325,R,,,,,,,
442394,F,,,,,,,
445259,R,,,,,,,
454421,F,,,,,,,
455974,F,,,,,,,
456079,F,,,,,,,
458917,F,,,,,,,
459219,R,,,,,,,
459317,R,,,,,,,
462022,R,,,,,,,
462133,F,,,,,,,
462673,F,,,,,,,
468245,R,,,,,,,
468295,F,,,,,,,
469591,F,,,,,,,
472669,R,,,,,,,
474373,R,,,,,,,
474841,R,,,,,,,
476127,R,,,,,,,
476358,F,,,,,,,
476557,F,,,,,,,
479753,R,,,,,,,
482267,R,,,,,,,
483754,F,,,,,,,
484950,R,,,,,,,
485096,R,,,,,,,
486975,F,,,,,,,
490645,R,,,,,,,
490783,F,,,,,,,
494746,F,,,,,,,
498320,F,,,,,,,
498504,F,,,,,,,
499663,R,,,,,,,
499746,F,,,,,,,
501049,F,,,,,,,
503495,F,,,,,,,
505051,F,,,,,,,
505467,F,,,,,,,
505649,F,,,,,,,
510322,R,,,,,,,
510568,R,,,,,,,
513212,R,,,,,,,
514816,F,,,,,,,
515930,R,,,,,,,
516892,R,,,,,,,
518396,R,,,,,,,
518659,F,,,,,,,
518703,F,,,,,,,
519093,F,,,,,,,
519600,F,,,,,,,
524844,R,,,,,,,
526142,F,,,,,,,
528314,R,,,,,,,
530060,F,,,,,,,
530487,F,,,,,,,
530724,R,,,,,,,
532307,R,,,,,,,
532396,F,,,,,,,
532755,F,,,,,,,
534398,R,,,,,,,
535024,R,,,,,,,
535480,R,,,,,,,
535636,R,,,,,,,
536565,F,,,,,,,
536607,F,,,,,,,
540227,F,,,,,,,
541647,R,,,,,,,
541949,R,,,,,,,
542003,R,,,,,,,
542067,R,,,,,,,
542096,R,,,,,,,
542160,F,,,,,,,
544726,R,,,,,,,
545114,R,,,,,,,
545226,R,,,,,,,
545680,F,,,,,,,
545821,R,,,,,,,
546343,F,,,,,,,
546803,R,,,,,,,
547481,R,,,,,,,
549110,F,,,,,,,
549644,F,,,,,,,
551710,F,,,,,,,
551832,R,,,,,,,
552205,R,,,,,,,
552321,F,,,,,,,
552614,F,,,,,,,
554325,F,,,,,,,
555117,R,,,,,,,
556306,R,,,,,,,
556404,F,,,,,,,
557436,F,,,,,,,
559750,R,,,,,,,
559828,F,,,,,,,
559861,F,,,,,,,
560729,F,,,,,,,
561787,R,,,,,,,
562713,R,,,,,,,
563452,R,,,,,,,
563523,R,,,,,,,
563567,F,,,,,,,
564987,F,,,,,,,
566484,F,,,,,,,
566840,F,,,,,,,
568353,F,,,,,,,
568556,R,,,,,,,
568967,R,,,,,,,
569223,R,,,,,,,
570836,F,,,,,,,
571750,F,,,,,,,
572758,F,,,,,,,
573837,F,,,,,,,
574279,R,,,,,,,
574903,F,,,,,,,
575357,F,,,,,,,
578426,F,,,,,,,
579290,F,,,,,,,
579349,F,,,,,,,
584577,R,,,,,,,
586218,R,,,,,,,
586346,F,,,,,,,
586720,F,,,,,,,
589897,F,,,,,,,
590095,F,,,,,,,
590803,R,,,,,,,
591041,F,,,,,,,
591108,F,,,,,,,
591447,F,,,,,,,
591654,F,,,,,,,
592279,R,,,,,,,
592713,F,,,,,,,
593126,R,,,,,,,
593397,F,,,,,,,
594780,R,,,,,,,
596642,R,,,,,,,
596655,F,,,,,,,
600397,F,,,,,,,
601331,R,,,,,,,
602295,F,,,,,,,
602389,F,,,,,,,
603379,F,,,,,,,
606527,F,,,,,,,
607054,F,,,,,,,
608588,R,,,,,,,
608716,F,,,,,,,
609827,F,,,,,,,
610117,F,,,,,,,
610213,R,,,,,,,
611069,R,,,,,,,
612908,F,,,,,,,
614814,R,,,,,,,
614835,F,,,,,,,
621286,F,,,,,,,
622295,R,,,,,,,
622329,F,,,,,,,
624624,R,,,,,,,
625551,R,,,,,,,
626441,F,,,,,,,
626475,F,,,,,,,
629935,F,,,,,,,
629973,R,,,,,,,
631940,R,,,,,,,
636744,F,,,,,,,
637541,R,,,,,,,
637969,R,,,,,,,
638388,R,,,,,,,
639979,R,,,,,,,
640256,R,,,,,,,
640856,R,,,,,,,
642811,R,,,,,,,
644400,F,,,,,,,
646298,F,,,,,,,
648863,F,,,,,,,
649689,F,,,,,,,
650746,R,,,,,,,
651712,R,,,,,,,
652771,F,,,,,,,
653837,F,,,,,,,
654256,F,,,,,,,
656457,F,,,,,,,
658072,R,,,,,,,
658387,F,,,,,,,
659449,F,,,,,,,
660982,F,,,,,,,
661492,F,,,,,,,
661540,R,,,,,,,
662470,F,,,,,,,
664818,R,,,,,,,
665412,R,,,,,,,
665817,R,,,,,,,
668453,R,,,,,,,
668459,F,,,,,,,
669837,F,,,,,,,
670137,R,,,,,,,
672026,R,,,,,,,
676032,R,,,,,,,
676055,F,,,,,,,
676238,F,,,,,,,
676472,F,,,,,,,
677616,R,,,,,,,
678584,F,,,,,,,
678861,F,,,,,,,
678896,F,,,,,,,
679145,R,,,,,,,
680493,R,,,,,,,
682523,R,,,,,,,
684410,F,,,,,,,
692254,R,,,,,,,
692505,R,,,,,,,
693858,F,,,,,,,
694066,F,,,,,,,
695485,R,,,,,,,
696336,F,,,,,,,
697800,R,,,,,,,
701336,R,,,,,,,
701430,F,,,,,,,
704899,R,,,,,,,
706075,F,,,,,,,
706243,R,,,,,,,
709515,R,,,,,,,
710782,F,,,,,,,
714190,F,,,,,,,
715932,R,,,,,,,
716410,F,,,,,,,
717896,R,,,,,,,
718025,F,,,,,,,
719912,R,,,,,,,
720014,R,,,,,,,
724228,F,,,,,,,
728527,F,,,,,,,
729278,R,,,,,,,
729340,F,,,,,,,
729510,R,,,,,,,
730163,R,,,,,,,
731033,R,,,,,,,
731152,F,,,,,,,
731178,R,,,,,,,
731225,F,,,,,,,
731454,F,,,,,,,
731494,F,,,,,,,
731518,R,,,,,,,
731930,F,,,,,,,
732632,R,,,,,,,
732808,R,,,,,,,
733362,F,,,,,,,
733683,F,,,,,,,
734104,F,,,,,,,
735242,F,,,,,,,
736035,F,,,,,,,
736345,R,,,,,,,
736924,F,,,,,,,
737257,R,,,,,,,
737681,R,,,,,,,
738191,R,,,,,,,
739243,R,,,,,,,
740177,F,,,,,,,
742497,R,,,,,,,
748059,F,,,,,,,
749967,F,,,,,,,
750415,F,,,,,,,
751258,F,,,,,,,
751523,R,,,,,,,
751534,F,,,,,,,
752490,F,,,,,,,
753643,R,,,,,,,
754409,R,,,,,,,
755231,R,,,,,,,
756115,F,,,,,,,
756767,F,,,,,,,
758636,R,,,,,,,
759480,F,,,,,,,
759592,F,,,,,,,
760190,F,,,,,,,
760381,F,,,,,,,
760709,F,,,,,,,
760742,F,,,,,,,
761987,F,,,,,,,
762078,F,,,,,,,
762116,F,,,,,,,
762232,F,,,,,,,
762369,F,,,,,,,
762441,F,,,,,,,
764122,F,,,,,,,
764584,F,,,,,,,
764755,F,,,,,,,
766198,F,,,,,,,
767111,F,,,,,,,
769434,F,,,,,,,
769792,F,,,,,,,
770582,F,,,,,,,
771484,F,,,,,,,
776156,R,,,,,,,
776381,R,,,,,,,
776624,R,,,,,,,
776889,R,,,,,,,
777575,R,,,,,,,
777644,R,,,,,,,
777685,R,,,,,,,
778077,R,,,,,,,
778340,R,,,,,,,
778600,R,,,,,,,
778674,R,,,,,,,
778967,R,,,,,,,
778988,F,,,,,,,
779112,F,,,,,,,
779144,F,,,,,,,
779374,F,,,,,,,
780472,R,,,,,,,
781376,F,,,,,,,
782882,F,,,,,,,
784718,R,,,,,,,
784748,F,,,,,,,
786120,F,,,,,,,
787043,R,,,,,,,
787952,F,,,,,,,
788637,R,,,,,,,
788965,F,,,,,,,
791272,R,,,,,,,
791713,F,,,,,,,
792427,F,,,,,,,
794160,R,,,,,,,
794739,F,,,,,,,
795036,R,,,,,,,
798673,F,,,,,,,
799217,R,,,,,,,
800193,R,,,,,,,
800203,F,,,,,,,
800357,F,,,,,,,
801370,F,,,,,,,
801970,F,,,,,,,
802392,F,,,,,,,
805404,F,,,,,,,
805643,R,,,,,,,
806281,R,,,,,,,
806300,F,,,,,,,
806652,F,,,,,,,
808746,F,,,,,,,
809893,F,,,,,,,
810315,F,,,,,,,
811228,F,,,,,,,
813387,F,,,,,,,
813620,F,,,,,,,
815507,F,,,,,,,
815728,F,,,,,,,
818510,R,,,,,,,
819692,F,,,,,,,
820269,F,,,,,,,
822908,F,,,,,,,
823605,F,,,,,,,
824715,F,,,,,,,
825193,F,,,,,,,
827421,F,,,,,,,
828227,R,,,,,,,
831994,R,,,,,,,
832425,F,,,,,,,
834946,R,,,,,,,
838375,F,,,,,,,
840947,F,,,,,,,
841917,R,,,,,,,
842029,F,,,,,,,
845993,R,,,,,,,
847863,R,,,,,,,
848322,F,,,,,,,
850073,R,,,,,,,
850506,R,,,,,,,
850713,R,,,,,,,
850849,R,,,,,,,
851466,R,,,,,,,
851548,F,,,,,,,
851607,F,,,,,,,
851739,R,,,,,,,
852061,F,,,,,,,
852612,F,,,,,,,
852683,R,,,,,,,
855408,F,,,,,,,
855892,R,,,,,,,
856768,F,,,,,,,
860003,F,,,,,,,
860710,R,,,,,,,
868281,F,,,,,,,
868339,R,,,,,,,
869997,F,,,,,,,
870428,F,,,,,,,
872055,F,,,,,,,
872102,R,,,,,,,
873085,F,,,,,,,
873343,F,,,,,,,
874164,R,,,,,,,
874552,F,,,,,,,
877433,F,,,,,,,
877470,F,,,,,,,
878428,R,,,,,,,
879359,F,,,,,,,
881713,R,,,,,,,
882387,R,,,,,,,
883273,F,,,,,,,
883924,R,,,,,,,
885907,F,,,,,,,
886080,F,,,,,,,
886879,R,,,,,,,
888662,R,,,,,,,
890314,F,,,,,,,
891914,F,,,,,,,
893267,R,,,,,,,
894631,F,,,,,,,
895518,R,,,,,,,
895781,F,,,,,,,
898791,F,,,,,,,
898848,F,,,,,,,
901635,F,,,,,,,
902130,F,,,,,,,
903374,R,,,,,,,
903433,F,,,,,,,
903724,F,,,,,,,
904208,R,,,,,,,
905163,R,,,,,,,
906340,R,,,,,,,
906403,F,,,,,,,
907151,R,,,,,,,
908113,R,,,,,,,
909453,F,,,,,,,
909581,R,,,,,,,
910032,F,,,,,,,
910836,R,,,,,,,
910906,F,,,,,,,
910938,F,,,,,,,
911019,F,,,,,,,
911712,F,,,,,,,
913643,F,,,,,,,
914199,R,,,,,,,
916423,R,,,,,,,
917866,R,,,,,,,
917935,R,,,,,,,
918472,R,,,,,,,
918613,R,,,,,,,
918660,R,,,,,,,
918781,R,,,,,,,
919575,F,,,,,,,
919635,R,,,,,,,
921133,R,,,,,,,
921933,F,,,,,,,
922975,R,,,,,,,
923711,R,,,,,,,
923875,R,,,,,,,
923935,F,,,,,,,
924110,F,,,,,,,
924288,F,,,,,,,
924874,F,,,,,,,
924989,F,,,,,,,
927932,R,,,,,,,
930544,F,,,,,,,
932150,R,,,,,,,
932199,F,,,,,,,
934720,F,,,,,,,
935550,F,,,,,,,
935660,F,,,,,,,
935691,F,,,,,,,
935723,F,,,,,,,
938053,R,,,,,,,
938239,R,,,,,,,
938579,F,,,,,,,
938662,F,,,,,,,
939939,R,,,,,,,
941120,R,,,,,,,
941678,F,,,,,,,
942977,F,,,,,,,
944224,R,,,,,,,
944328,F,,,,,,,
946082,F,,,,,,,
946538,F,,,,,,,
946690,R,,,,,,,
948468,R,,,,,,,
951118,R,,,,,,,
951183,F,,,,,,,
952769,F,,,,,,,
953277,F,,,,,,,
954525,F,,,,,,,
955011,F,,,,,,,
956813,F,,,,,,,
960333,R,,,,,,,
962613,R,,,,,,,
962680,F,,,,,,,
965463,R,,,,,,,
965528,R,,,,,,,
967726,F,,,,,,,
967748,R,,,,,,,
970282,R,,,,,,,
970455,F,,,,,,,
973064,R,,,,,,,
975970,R,,,,,,,
976052,F,,,,,,,
978917,F,,,,,,,
981311,R,,,,,,,
982554,R,,,,,,,
982638,F,,,,,,,
982724,F,,,,,,,
983651,R,,,,,,,
987053,F,,,,,,,
987161,R,,,,,,,
988276,R,,,,,,,
989861,R,,,,,,,
992905,R,,,,,,,
993319,R,,,,,,,
993739,R,,,,,,,
993801,F,,,,,,,
996295,R,,,,,,,
996447,F,,,,,,,
997350,R,,,,,,,
997710,R,,,,,,,
999334,R,,,,,,,
999424,F,,,,,,,
1000142,R,,,,,,,
1000728,F,,,,,,,
1002704,R,,,,,,,
1002764,F,,,,,,,
1002867,R,,,,,,,
1005434,F,,,,,,,
1006553,R,,,,,,,
1006734,F,,,,,,,
1008207,F,,,,,,,
1011200,F,,,,,,,
1014636,R,,,,,,,
1014642,F,,,,,,,
1017578,R,,,,,,,
1019965,R,,,,,,,
1019983,F,,,,,,,
1021685,R,,,,,,,
1023224,F,,,,,,,
1023683,R,,,,,,,
1024400,F,,,,,,,
1025203,R,,,,,,,
1025393,R,,,,,,,
1025558,R,,,,,,,
1025739,R,,,,,,,
1026961,R,,,,,,,
1027095,F,,,,,,,
1027278,R,,,,,,,
1027452,F,,,,,,,
1027586,F,,,,,,,
1034851,F,,,,,,,
1038392,R,,,,,,,
1040131,R,,,,,,,
1040547,R,,,,,,,
1040628,R,,,,,,,
1040645,F,,,,,,,
1040807,R,,,,,,,
1041165,R,,,,,,,
1041264,F,,,,,,,
1043877,R,,,,,,,
1046032,R,,,,,,,
1046136,F,,,,,,,
1049056,F,,,,,,,
1049139,F,,,,,,,
1052519,R,,,,,,,
1052607,R,,,,,,,
1053241,R,,,,,,,
1053924,F,,,,,,,
1056685,R,,,,,,,
1058093,R,,,,,,,
1058257,F,,,,,,,
1061618,F,,,,,,,
1061729,R,,,,,,,
1061896,F,,,,,,,
1062011,F,,,,,,,
1062261,R,,,,,,,
1063175,R,,,,,,,
1065077,F,,,,,,,
1067480,R,,,,,,,
1067561,F,,,,,,,
1069880,F,,,,,,,
1071321,R,,,,,,,
1073304,R,,,,,,,
1073327,F,,,,,,,
1074080,F,,,,,,,
1074233,R,,,,,,,
1077954,F,,,,,,,
1078545,F,,,,,,,
1083633,R,,,,,,,
1090328,F,,,,,,,
1092337,R,,,,,,,
1092784,R,,,,,,,
1094818,F,,,,,,,
1095161,F,,,,,,,
1096822,F,,,,,,,
1097361,F,,,,,,,
1097551,R,,,,,,,
1097563,F,,,,,,,
1097741,R,,,,,,,
1097924,R,,,,,,,
1098531,F,,,,,,,
1099044,F,,,,,,,
1099268,F,,,,,,,
1099724,F,,,,,,,
1100508,F,,,,,,,
1100588,F,,,,,,,
1101432,R,,,,,,,
1106708,F,,,,,,,
1108506,F,,,,,,,
1108530,R,,,,,,,
1109271,F,,,,,,,
1110517,R,,,,,,,
1110916,F,,,,,,,
1111054,F,,,,,,,
1112311,F,,,,,,,
1113322,F,,,,,,,
1113511,F,,,,,,,
1113579,R,,,,,,,
1113660,R,,,,,,,
1113861,F,,,,,,,
1115210,R,,,,,,,
1115865,F,,,,,,,
1116728,R,,,,,,,
1117127,R,,,,,,,
1117185,F,,,,,,,
1117773,F,,,,,,,
1118033,F,,,,,,,
1119997,R,,,,,,,
1121738,F,,,,,,,
1123589,F,,,,,,,
1124727,F,,,,,,,
1127876,F,,,,,,,
1127955,F,,,,,,,
1128048,R,,,,,,,
1130155,F,,,,,,,
1131281,F,,,,,,,
1131483,F,,,,,,,
1132446,R,,,,,,,
1134697,R,,,,,,,
1136515,R,,,,,,,
1136873,F,,,,,,,
1137770,R,,,,,,,
1138124,R,,,,,,,
1138155,R,,,,,,,
1138249,F,,,,,,,
1138964,F,,,,,,,
1141712,F,,,,,,,
1142599,R,,,,,,,
1148251,R,,,,,,,
1149691,F,,,,,,,
1149730,F,,,,,,,
1153408,R,,,,,,,
1155824,F,,,,,,,
1157048,F,,,,,,,
1158738,R,,,,,,,
1160357,F,,,,,,,
1160391,R,,,,,,,
1160434,R,,,,,,,
1160726,R,,,,,,,
1163697,F,,,,,,,
1163937,F,,,,,,,
1165383,R,,,,,,,
1165499,R,,,,,,,
1166911,R,,,,,,,
1167092,F,,,,,,,
1169280,R,,,,,,,
1169429,R,,,,,,,
1170661,R,,,,,,,
1172386,F,,,,,,,
1175519,R,,,,,,,
1175662,F,,,,,,,
1176107,F,,,,,,,
1176266,F,,,,,,,
1176400,F,,,,,,,
1176565,F,,,,,,,
1177206,F,,,,,,,
1178121,R,,,,,,,
1182397,F,,,,,,,
1183867,R,,,,,,,
1184015,F,,,,,,,
1187351,F,,,,,,,
1194546,R,,,,,,,
1196175,F,,,,,,,
1196235,F,,,,,,,
1196497,F,,,,,,,
1196929,F,,,,,,,
1197002,F,,,,,,,
1197082,F,,,,,,,
1197123,F,,,,,,,
1197585,F,,,,,,,
1199411,R,,,,,,,
1200382,R,,,,,,,
1201717,F,,,,,,,
1202882,F,,,,,,,
1203267,F,,,,,,,
1203268,R,,,,,,,
1205470,R,,,,,,,
1205592,R,,,,,,,
1205780,R,,,,,,,
1205960,R,,,,,,,
1206016,R,,,,,,,
1206454,R,,,,,,,
1206480,F,,,,,,,
1207893,F,,,,,,,
1210523,R,,,,,,,
1210593,F,,,,,,,
1211517,F,,,,,,,
1214232,R,,,,,,,
1215199,F,,,,,,,
1220186,R,,,,,,,
1220487,R,,,,,,,
1220538,F,,,,,,,
1220585,F,,,,,,,
1220998,F,,,,,,,
1221959,F,,,,,,,
1221990,F,,,,,,,
1222197,F,,,,,,,
1222374,F,,,,,,,
1222806,F,,,,,,,
1222844,F,,,,,,,
1223986,F,,,,,,,
1224385,F,,,,,,,
1228684,R,,,,,,,
1228740,F,,,,,,,
1229371,R,,,,,,,
1229556,R,,,,,,,
1230667,F,,,,,,,
1230780,F,,,,,,,
1231208,R,,,,,,,
1231299,F,,,,,,,
1232314,R,,,,,,,
1232713,R,,,,,,,
1233944,R,,,,,,,
1234357,R,,,,,,,
1236095,R,,,,,,,
1236184,F,,,,,,,
1236238,F,,,,,,,
1236782,F,,,,,,,
1238192,R,,,,,,,
1239382,F,,,,,,,
1241401,R,,,,,,,
1241603,F,,,,,,,
1241632,F,,,,,,,
1243671,F,,,,,,,
1247010,R,,,,,,,
1247129,F,,,,,,,
1251410,R,,,,,,,
1261711,R,,,,,,,
1264325,R,,,,,,,
1267030,R,,,,,,,
1267053,F,,,,,,,
1267276,F,,,,,,,
1269009,R,,,,,,,
1269936,F,,,,,,,
1269958,R,,,,,,,
1272167,R,,,,,,,
1272341,R,,,,,,,
1274518,R,,,,,,,
1275955,R,,,,,,,
1275993,R,,,,,,,
1276012,F,,,,,,,
1276786,F,,,,,,,
1277664,R,,,,,,,
1277893,F,,,,,,,
1278009,F,,,,,,,
1279617,R,,,,,,,
1279655,F,,,,,,,
1281373,R,,,,,,,
1281429,F,,,,,,,
1281569,F,,,,,,,
1282030,F,,,,,,,
1282306,F,,,,,,,
1282488,F,,,,,,,
1282622,F,,,,,,,
1284890,R,,,,,,,
1285049,F,,,,,,,
1286568,R,,,,,,,
1287124,F,,,,,,,
1287584,F,,,,,,,
1287737,F,,,,,,,
1288459,F,,,,,,,
1288569,F,,,,,,,
1289383,F,,,,,,,
1289526,R,,,,,,,
1289632,F,,,,,,,
1292095,R,,,,,,,
1292455,F,,,,,,,
1293684,F,,,,,,,
1293803,F,,,,,,,
1294168,F,,,,,,,
1298692,R,,,,,,,
1298965,R,,,,,,,
1299704,R,,,,,,,
1300219,R,,,,,,,
1300739,F,,,,,,,
1300958,R,,,,,,,
1301226,F,,,,,,,
1302747,R,,,,,,,
1302855,F,,,,,,,
1302892,R,,,,,,,
1304569,R,,,,,,,
1305088,R,,,,,,,
1306011,R,,,,,,,
1306073,R,,,,,,,
1306765,R,,,,,,,
1306782,F,,,,,,,
1308792,R,,,,,,,
1308908,F,,,,,,,
1308988,F,,,,,,,
1309006,R,,,,,,,
1309822,F,,,,,,,
1311794,F,,,,,,,
1312270,R,,,,,,,
1313299,R,,,,,,,
1313451,R,,,,,,,
1313546,R,,,,,,,
1313618,F,,,,,,,
1314050,F,,,,,,,
1316318,F,,,,,,,
1316684,R,,,,,,,
1321256,R,,,,,,,
1321297,F,,,,,,,
1321893,R,,,,,,,
1324207,F,,,,,,,
1324538,F,,,,,,,
1325688,R,,,,,,,
1326127,F,,,,,,,
1326553,F,,,,,,,
1326871,R,,,,,,,
1326893,F,,,,,,,
1327513,R,,,,,,,
1327531,F,,,,,,,
1329390,F,,,,,,,
1330467,F,,,,,,,
1334912,R,,,,,,,
1334938,F,,,,,,,
1338205,R,,,,,,,
1338397,R,,,,,,,
1338513,R,,,,,,,
1338563,F,,,,,,,
1338682,R,,,,,,,
1338701,F,,,,,,,
1338890,F,,,,,,,
1338950,R,,,,,,,
1339462,F,,,,,,,
1339505,F,,,,,,,
1340218,F,,,,,,,
1340370,F,,,,,,,
1340930,F,,,,,,,
1340983,F,,,,,,,
1341108,F,,,,,,,
1341208,F,,,,,,,
1341275,F,,,,,,,
1341367,F,,,,,,,
1342599,F,,,,,,,
1342979,R,,,,,,,
1343735,F,,,,,,,
1344911,R,,,,,,,
1345160,R,,,,,,,
1345260,F,,,,,,,
1345595,F,,,,,,,
1348727,R,,,,,,,
1348979,R,,,,,,,
1349123,R,,,,,,,
1351191,F,,,,,,,
1351746,F,,,,,,,
1353157,F,,,,,,,
1354193,F,,,,,,,
1355836,F,,,,,,,
1359158,F,,,,,,,
1359415,R,,,,,,,
1359451,R,,,,,,,
1359463,F,,,,,,,
1359997,R,,,,,,,
1360872,R,,,,,,,
1360941,R,,,,,,,
1361400,R,,,,,,,
1361523,R,,,,,,,
1361917,R,,,,,,,
1362863,R,,,,,,,
1363361,R,,,,,,,
1364177,R,,,,,,,
1364356,F,,,,,,,
1364413,F,,,,,,,
1365309,F,,,,,,,
1365890,F,,,,,,,
1366047,F,,,,,,,
1367017,R,,,,,,,
1367472,F,,,,,,,
1370807,R,,,,,,,
1371225,R,,,,,,,
1371496,R,,,,,,,
1371766,R,,,,,,,
1372454,F,,,,,,,
1372923,R,,,,,,,
1374271,R,,,,,,,
1374605,F,,,,,,,
1376168,R,,,,,,,
1376548,F,,,,,,,
1376616,R,,,,,,,
1376682,R,,,,,,,
1376826,R,,,,,,,
1376945,F,,,,,,,
1376975,F,,,,,,,
1380207,R,,,,,,,
1380394,R,,,,,,,
1380839,F,,,,,,,
1381137,R,,,,,,,
1383076,R,,,,,,,
1383183,F,,,,,,,
1384278,F,,,,,,,
1386810,F,,,,,,,
1388423,F,,,,,,,
1388652,R,,,,,,,
1389244,R,,,,,,,
1390145,R,,,,,,,
1392354,F,,,,,,,
1393417,R,,,,,,,
1394003,R,,,,,,,
1394093,R,,,,,,,
1394561,R,,,,,,,
1399967,F,,,,,,,
1400389,R,,,,,,,
1400406,F,,,,,,,
1407347,R,,,,,,,
1408185,F,,,,,,,
1409933,R,,,,,,,
1410372,R,,,,,,,
1411992,F,,,,,,,
1413197,R,,,,,,,
1413225,R,,,,,,,
1413371,F,,,,,,,
1415865,R,,,,,,,
1415937,R,,,,,,,
1417528,F,,,,,,,
1418693,F,,,,,,,
1419614,F,,,,,,,
1419776,R,,,,,,,
1420033,F,,,,,,,
1420286,F,,,,,,,
1420399,F,,,,,,,
1422397,R,,,,,,,
1424026,F,,,,,,,
1424050,R,,,,,,,
1424172,F,,,,,,,
1426234,F,,,,,,,
1430901,R,,,,,,,
1433532,R,,,,,,,
1435067,F,,,,,,,
1436550,F,,,,,,,
1437271,F,,,,,,,
1437914,F,,,,,,,
1440073,R,,,,,,,
1440805,F,,,,,,,
1442773,F,,,,,,,
1445404,F,,,,,,,
1445417,R,,,,,,,
1446265,R,,,,,,,
1446292,R,,,,,,,
1446379,F,,,,,,,
1446531,F,,,,,,,
1446688,F,,,,,,,
1446883,F,,,,,,,
1448880,F,,,,,,,
1449177,F,,,,,,,
1453006,F,,,,,,,
1453396,F,,,,,,,
1453671,F,,,,,,,
1453900,F,,,,,,,
1453993,F,,,,,,,
1454515,R,,,,,,,
1454614,F,,,,,,,
1454875,F,,,,,,,
1455094,F,,,,,,,
1455178,F,,,,,,,
1455224,F,,,,,,,
1455270,F,,,,,,,
1456756,F,,,,,,,
1457124,F,,,,,,,
1458313,F,,,,,,,
1459572,F,,,,,,,
1459707,F,,,,,,,
1461045,F,,,,,,,
1461657,F,,,,,,,
1467770,F,,,,,,,
1468135,F,,,,,,,
1469166,R,,,,,,,
1469500,F,,,,,,,
1469899,R,,,,,,,
1470252,R,,,,,,,
1470321,F,,,,,,,
1471580,F,,,,,,,
1471657,F,,,,,,,
1471701,F,,,,,,,
1471750,F,,,,,,,
1471805,F,,,,,,,
1471846,F,,,,,,,
1473131,F,,,,,,,
1473220,F,,,,,,,
1473277,F,,,,,,,
1473344,F,,,,,,,
1473385,F,,,,,,,
1473502,F,,,,,,,
1473543,F,,,,,,,
1473655,F,,,,,,,
1475178,F,,,,,,,
1475925,F,,,,,,,
1476897,F,,,,,,,
1479118,R,,,,,,,
1480355,F,,,,,,,
1480827,R,,,,,,,
1482504,R,,,,,,,
1482758,F,,,,,,,
1483037,F,,,,,,,
1483749,F,,,,,,,
1484014,F,,,,,,,
1484220,R,,,,,,,
1484244,F,,,,,,,
1484288,F,,,,,,,
1484385,R,,,,,,,
1485183,F,,,,,,,
1485373,R,,,,,,,
1485657,F,,,,,,,
1485692,R,,,,,,,
1485771,R,,,,,,,
1485790,F,,,,,,,
1486916,R,,,,,,,
1487161,F,,,,,,,
1487476,F,,,,,,,
1490410,R,,,,,,,
1491063,F,,,,,,,
1494480,R,,,,,,,
1494554,F,,,,,,,
1495090,F,,,,,,,
1497966,F,,,,,,,
1498889,R,,,,,,,
1500661,F,,,,,,,
1502915,R,,,,,,,
1504039,F,,,,,,,
1504330,F,,,,,,,
1504366,F,,,,,,,
1504880,F,,,,,,,
1505968,F,,,,,,,
1506321,F,,,,,,,
1506591,F,,,,,,,
1506755,F,,,,,,,
1507421,F,,,,,,,
1508923,R,,,,,,,
1509076,F,,,,,,,
1509744,R,,,,,,,
1509781,R,,,,,,,
1510751,F,,,,,,,
1512606,R,,,,,,,
1512750,F,,,,,,,
1513534,F,,,,,,,
1517472,R,,,,,,,
1517491,F,,,,,,,
1518728,F,,,,,,,
1519039,F,,,,,,,
1519881,F,,,,,,,
1521418,F,,,,,,,
1521874,R,,,,,,,
1522476,F,,,,,,,
1523837,F,,,,,,,
1523934,R,,,,,,,
1524614,F,,,,,,,
1526061,F,,,,,,,
1530759,R,,,,,,,
1530774,F,,,,,,,
1531328,F,,,,,,,
1531558,F,,,,,,,
1531919,R,,,,,,,
1533662,R,,,,,,,
1535577,F,,,,,,,
1537733,R,,,,,,,
1538240,R,,,,,,,
1538945,F,,,,,,,
1539147,R,,,,,,,
1539173,F,,,,,,,
1540719,R,,,,,,,
1540808,F,,,,,,,
1542013,R,,,,,,,
1545862,R,,,,,,,
1545892,F,,,,,,,
1547129,F,,,,,,,
1547599,F,,,,,,,
1548768,R,,,,,,,
1549175,F,,,,,,,
1550868,R,,,,,,,
1551217,R,,,,,,,
1551320,R,,,,,,,
1552597,F,,,,,,,
1557651,R,,,,,,,
1561625,R,,,,,,,
1563450,F,,,,,,,
1563861,F,,,,,,,
1564119,F,,,,,,,
1564396,F,,,,,,,
1565003,F,,,,,,,
1566794,F,,,,,,,
1567427,F,,,,,,,
1568170,F,,,,,,,
1570635,R,,,,,,,
1570969,R,,,,,,,
1574687,R,,,,,,,
1574769,R,,,,,,,
1575809,R,,,,,,,
1576746,F,,,,,,,
1576796,R,,,,,,,
1579551,F,,,,,,,
1579633,F,,,,,,,
1580471,R,,,,,,,
1580532,F,,,,,,,
1580782,F,,,,,,,
1580962,F,,,,,,,
1581254,R,,,,,,,
1582083,R,,,,,,,
1582166,F,,,,,,,
1582773,R,,,,,,,
1584508,F,,,,,,,
1584886,R,,,,,,,
1586825,R,,,,,,,
1588482,R,,,,,,,
1588495,F,,,,,,,
1588567,F,,,,,,,
1589154,F,,,,,,,
1590348,F,,,,,,,
1591466,F,,,,,,,
1592639,F,,,,,,,
1593161,F,,,,,,,
1593502,F,,,,,,,
1594023,R,,,,,,,
1594042,F,,,,,,,
1596092,F,,,,,,,
1596483,F,,,,,,,
1599585,R,,,,,,,
1599658,F,,,,,,,
1604803,R,,,,,,,
1606253,F,,,,,,,
1608034,R,,,,,,,
1608050,F,,,,,,,
1611403,F,,,,,,,
1611935,F,,,,,,,
1613045,R,,,,,,,
1613256,F,,,,,,,
1613878,F,,,,,,,
1617031,F,,,,,,,
1617307,R,,,,,,,
1617837,F,,,,,,,
1622671,R,,,,,,,
1623688,R,,,,,,,
1628622,F,,,,,,,
1628897,R,,,,,,,
1628915,F,,,,,,,
1630229,R,,,,,,,
1634885,F,,,,,,,
1634987,F,,,,,,,
1638225,F,,,,,,,
1639455,F,,,,,,,
1639584,R,,,,,,,
1639662,R,,,,,,,
1639986,F,,,,,,,
1640199,F,,,,,,,
1640660,R,,,,,,,
1642407,R,,,,,,,
1644368,R,,,,,,,
1645021,F,,,,,,,
1645725,R,,,,,,,
1646258,F,,,,,,,
1649097,F,,,,,,,
1649436,F,,,,,,,
1656751,R,,,,,,,
1656924,F,,,,,,,
1658947,F,,,,,,,
1659811,F,,,,,,,
1660086,R,,,,,,,
1660488,F,,,,,,,
1666181,F,,,,,,,
1666920,F,,,,,,,
1669138,F,,,,,,,
1669952,F,,,,,,,
1673396,F,,,,,,,
1673440,F,,,,,,,
1676886,R,,,,,,,
1676941,F,,,,,,,
1677535,F,,,,,,,
1678552,F,,,,,,,
1679293,F,,,,,,,
1680699,F,,,,,,,
1681857,F,,,,,,,
1681968,R,,,,,,,
1682094,F,,,,,,,
1685766,F,,,,,,,
1687941,F,,,,,,,
1690210,R,,,,,,,
1690388,R,,,,,,,
1690855,R,,,,,,,
1691874,R,,,,,,,
1692032,F,,,,,,,
1692521,R,,,,,,,
1692646,F,,,,,,,
1693964,R,,,,,,,
1694334,R,,,,,,,
1694807,F,,,,,,,
1696388,R,,,,,,,
1696628,R,,,,,,,
1696858,F,,,,,,,
1697806,R,,,,,,,
1697971,R,,,,,,,
1699673,R,,,,,,,
1699808,F,,,,,,,
1702931,R,,,,,,,
1703020,F,,,,,,,
1703266,F,,,,,,,
1707419,F,,,,,,,
1709539,F,,,,,,,
1710706,F,,,,,,,
1711046,F,,,,,,,
1711567,F,,,,,,,
1712308,F,,,,,,,
1713730,R,,,,,,,
1714363,R,,,,,,,
1717612,R,,,,,,,
1717911,F,,,,,,,
1720139,R,,,,,,,
1721456,F,,,,,,,
1722293,F,,,,,,,
1725124,F,,,,,,,
1725417,F,,,,,,,
1729179,F,,,,,,,
1729494,F,,,,,,,
1729822,F,,,,,,,
1730037,F,,,,,,,
1732432,F,,,,,,,
1732920,F,,,,,,,
1733550,R,,,,,,,
1733609,F,,,,,,,
1735096,F,,,,,,,
1735289,R,,,,,,,
1735507,F,,,,,,,
1735715,F,,,,,,,
1735871,F,,,,,,,
1736290,F,,,,,,,
1736358,F,,,,,,,
1738217,R,,,,,,,
1738639,F,,,,,,,
1738875,F,,,,,,,
1739640,F,,,,,,,
1741317,F,,,,,,,
1741893,R,,,,,,,
1742159,R,,,,,,,
1742169,F,,,,,,,
1742244,F,,,,,,,
1745018,F,,,,,,,
1747195,F,,,,,,,
1747691,F,,,,,,,
1749886,R,,,,,,,
1750007,R,,,,,,,
1750562,F,,,,,,,
1757400,F,,,,,,,
1761009,F,,,,,,,
1761669,F,,,,,,,
1762473,F,,,,,,,
1762947,F,,,,,,,
1763428,F,,,,,,,
1763627,R,,,,,,,
1763634,F,,,,,,,
1764770,F,,,,,,,
1766472,F,,,,,,,
1771601,R,,,,,,,
1772686,F,,,,,,,
1773833,R,,,,,,,
1774722,R,,,,,,,
1775163,R,,,,,,,
1775164,F,,,,,,,
1775309,R,,,,,,,
1780721,R,,,,,,,
1780768,R,,,,,,,
1782728,R,,,,,,,
1783241,R,,,,,,,
1785538,R,,,,,,,
1785782,F,,,,,,,
1786573,R,,,,,,,
1788487,R,,,,,,,
1788506,F,,,,,,,
1789836,R,,,,,,,
1790200,F,,,,,,,
1793753,F,,,,,,,
1793892,R,,,,,,,
1794406,R,,,,,,,
1794705,F,,,,,,,
1794707,R,,,,,,,
1795162,R,,,,,,,
1797662,F,,,,,,,
1797714,F,,,,,,,
1797939,F,,,,,,,
1798033,F,,,,,,,
1798294,F,,,,,,,
1799509,R,,,,,,,
1799565,F,,,,,,,
1801472,F,,,,,,,
1803277,R,,,,,,,
1805922,F,,,,,,,
1806180,F,,,,,,,
1807762,R,,,,,,,
1807903,F,,,,,,,
1810185,F,,,,,,,
1814050,F,,,,,,,
1814746,R,,,,,,,
1814765,F,,,,,,,
1815310,F,,,,,,,
1816189,F,,,,,,,
1818137,F,,,,,,,
1824350,F,,,,,,,
1825928,R,,,,,,,
1826567,R,,,,,,,
1827390,R,,,,,,,
1827945,R,,,,,,,
1827980,F,,,,,,,
1828115,F,,,,,,,
1828180,F,,,,,,,
1828602,R,,,,,,,
1830561,R,,,,,,,
1830665,F,,,,,,,
1830902,R,,,,,,,
1833493,F,,,,,,,
1833530,R,,,,,,,
1834272,F,,,,,,,
1834714,F,,,,,,,
1834917,F,,,,,,,
1836896,R,,,,,,,
1837012,F,,,,,,,
1837404,R,,,,,,,
1841526,R,,,,,,,
1842388,F,,,,,,,
1842455,F,,,,,,,
1844255,F,,,,,,,
1848440,R,,,,,,,
1849191,R,,,,,,,
1849442,F,,,,,,,
1849875,F,,,,,,,
1850081,F,,,,,,,
1851989,F,,,,,,,
1852516,F,,,,,,,
1852638,F,,,,,,,
1855111,R,,,,,,,
1855359,R,,,,,,,
1855707,F,,,,,,,
1856346,F,,,,,,,
1856810,F,,,,,,,
1857532,F,,,,,,,
1858593,F,,,,,,,
1859359,R,,,,,,,
1859759,R,,,,,,,
1862427,R,,,,,,,
1864018,F,,,,,,,
1865591,F,,,,,,,
1866932,F,,,,,,,
1873481,R,,,,,,,
1874103,F,,,,,,,
1884765,F,,,,,,,
1887556,F,,,,,,,
1888166,R,,,,,,,
1890637,F,,,,,,,
1891192,F,,,,,,,
1895342,R,,,,,,,
1896086,F,,,,,,,
1896867,F,,,,,,,
1898232,R,,,,,,,
1901176,F,,,,,,,
1901804,F,,,,,,,
1902391,F,,,,,,,
1906319,F,,,,,,,
1906502,R,,,,,,,
1906537,R,,,,,,,
1907219,R,,,,,,,
1909569,F,,,,,,,
1910288,F,,,,,,,
1915028,R,,,,,,,
1915484,F,,,,,,,
1917753,F,,,,,,,
1921542,F,,,,,,,
1923745,F,,,,,,,
1924008,F,,,,,,,
1925217,R,,,,,,,
1925355,F,,,,,,,
1927087,F,,,,,,,
1929238,R,,,,,,,
1929881,R,,,,,,,
1931455,F,,,,,,,
1931519,R,,,,,,,
1933138,R,,,,,,,
1933937,F,,,,,,,
1934048,F,,,,,,,
1934799,F,,,,,,,
1936411,F,,,,,,,
1936621,F,,,,,,,
1937182,F,,,,,,,
1938067,F,,,,,,,
1938346,F,,,,,,,
1947643,R,,,,,,,
1954532,R,,,,,,,
1955011,F,,,,,,,
1955156,F,,,,,,,
1956768,F,,,,,,,
1957357,R,,,,,,,
1957391,F,,,,,,,
1957644,F,,,,,,,
1959791,R,,,,,,,
1960436,R,,,,,,,
1960477,R,,,,,,,
1960667,F,,,,,,,
1962189,F,,,,,,,
1962301,R,,,,,,,
1962367,R,,,,,,,
1962583,R,,,,,,,
1962849,R,,,,,,,
1962930,R,,,,,,,
1964300,R,,,,,,,
1964372,R,,,,,,,
1965427,R,,,,,,,
1965572,R,,,,,,,
1965576,F,,,,,,,
1965680,F,,,,,,,
1965819,F,,,,,,,
1965921,F,,,,,,,
1966526,R,,,,,,,
1967673,F,,,,,,,
1967705,F,,,,,,,
1967742,F,,,,,,,
1968960,F,,,,,,,
1970897,F,,,,,,,
1972138,F,,,,,,,
1972419,R,,,,,,,
1973634,F,,,,,,,
1975461,R,,,,,,,
1975830,F,,,,,,,
1977718,R,,,,,,,
1978460,R,,,,,,,
1979764,F,,,,,,,
1984870,R,,,,,,,
1986556,F,,,,,,,
1987764,R,,,,,,,
1993441,R,,,,,,,
1994397,F,,,,,,,
1995864,R,,,,,,,
1997394,F,,,,,,,
1998515,R,,,,,,,
1998734,R,,,,,,,
1998935,F,,,,,,,
1999649,R,,,,,,,
1999710,F,,,,,,,
1999768,R,,,,,,,
2000074,F,,,,,,,
2000558,F,,,,,,,
2002459,F,,,,,,,
2002618,F,,,,,,,
2006560,F,,,,,,,
2008930,F,,,,,,,
2009918,F,,,,,,,
2010622,R,,,,,,,
2012401,R,,,,,,,
2012639,F,,,,,,,
2014451,R,,,,,,,
2014697,F,,,,,,,
2015233,R,,,,,,,
2015301,F,,,,,,,
2017299,F,,,,,,,
2017387,F,,,,,,,
2017601,F,,,,,,,
2017649,F,,,,,,,
2024070,F,,,,,,,
2024256,R,,,,,,,
2026704,R,,,,,,,
2026747,F,,,,,,,
2028214,R,,,,,,,
2029771,F,,,,,,,
2030676,F,,,,,,,
2030896,F,,,,,,,
2031069,R,,,,,,,
2031592,R,,,,,,,
2032061,F,,,,,,,
2032608,F,,,,,,,
2032641,F,,,,,,,
2033493,F,,,,,,,
2034620,F,,,,,,,
2034692,F,,,,,,,
2035274,F,,,,,,,
2035390,F,,,,,,,
2035431,F,,,,,,,
2035665,F,,,,,,,
2037368,F,,,,,,,
2039833,F,,,,,,,
2039873,R,,,,,,,
2040858,F,,,,,,,
2044163,F,,,,,,,
2044748,R,,,,,,,
2045320,F,,,,,,,
2047405,R,,,,,,,
2047593,F,,,,,,,
2049895,F,,,,,,,
2052967,F,,,,,,,
2053381,F,,,,,,,
2053592,F,,,,,,,
2055233,F,,,,,,,
2055472,R,,,,,,,
2055957,F,,,,,,,
2056342,R,,,,,,,
2056479,F,,,,,,,
2056843,F,,,,,,,
2057455,F,,,,,,,
2057744,R,,,,,,,
2058274,F,,,,,,,
2058598,R,,,,,,,
2058616,F,,,,,,,
2058867,F,,,,,,,
2059002,R,,,,,,,
2059961,R,,,,,,,
2060527,R,,,,,,,
2061173,R,,,,,,,
2062749,R,,,,,,,
2064799,F,,,,,,,
2066547,F,,,,,,,
2066674,F,,,,,,,
2069080,F,,,,,,,
2069259,F,,,,,,,
2069524,R,,,,,,,
2070425,F,,,,,,,
2071906,F,,,,,,,
2071954,F,,,,,,,
2072192,F,,,,,,,
2072377,F,,,,,,,
2072489,F,,,,,,,
2072507,R,,,,,,,
2072526,F,,,,,,,
2073841,F,,,,,,,
2074749,F,,,,,,,
2074806,F,,,,,,,
2075020,R,,,,,,,
2075481,F,,,,,,,
2075609,F,,,,,,,
2076224,R,,,,,,,
2077751,F,,,,,,,
2077935,R,,,,,,,
2078390,F,,,,,,,
2079806,R,,,,,,,
2080760,F,,,,,,,
2081553,F,,,,,,,
2082505,R,,,,,,,
2087000,R,,,,,,,
2087331,F,,,,,,,
2087912,R,,,,,,,
2089654,F,,,,,,,
2092222,R,,,,,,,
2094150,R,,,,,,,
2094483,R,,,,,,,
2095245,R,,,,,,,
2096622,R,,,,,,,
2096760,F,,,,,,,
2096877,F,,,,,,,
2097122,R,,,,,,,
2101640,R,,,,,,,
2102781,R,,,,,,,
2103087,R,,,,,,,
2104107,R,,,,,,,
2104896,R,,,,,,,
2104902,F,,,,,,,
2105026,F,,,,,,,
2106690,R,,,,,,,
2106749,F,,,,,,,
2107132,F,,,,,,,
2107736,F,,,,,,,
2111364,R,,,,,,,
2112049,R,,,,,,,
2114405,R,,,,,,,
2115764,F,,,,,,,
2116463,R,,,,,,,
2117322,F,,,,,,,
2120727,R,,,,,,,
2121852,R,,,,,,,
2121904,R,,,,,,,
2122001,R,,,,,,,
2122129,R,,,,,,,
2122231,R,,,,,,,
2122574,R,,,,,,,
2122733,R,,,,,,,
2122787,R,,,,,,,
2122849,R,,,,,,,
2123016,R,,,,,,,
2123152,R,,,,,,,
2123666,F,,,,,,,
2123899,R,,,,,,,
2125115,R,,,,,,,
2125229,F,,,,,,,
2126203,F,,,,,,,
2126558,F,,,,,,,
2128210,R,,,,,,,
2133417,F,,,,,,,
2133674,R,,,,,,,
2133918,R,,,,,,,
2134153,R,,,,,,,
2134163,F,,,,,,,
2134209,F,,,,,,,
2135876,F,,,,,,,
2135905,R,,,,,,,
2136128,F,,,,,,,
2136257,R,,,,,,,
2136264,F,,,,,,,
2136533,F,,,,,,,
2137051,F,,,,,,,
2137086,R,,,,,,,
2138123,R,,,,,,,
2138646,R,,,,,,,
2139627,R,,,,,,,
2139710,F,,,,,,,
2141875,R,,,,,,,
2141911,R,,,,,,,
2141951,F,,,,,,,
2142365,R,,,,,,,
2143537,F,,,,,,,
2143567,F,,,,,,,
2144940,F,,,,,,,
2145872,R,,,,,,,
2145893,F,,,,,,,
2146834,R,,,,,,,
2147633,R,,,,,,,
2147668,F,,,,,,,
2148398,R,,,,,,,
2148625,F,,,,,,,
2149474,R,,,,,,,
2149528,F,,,,,,,
2150364,F,,,,,,,
2150828,F,,,,,,,
2151213,F,,,,,,,
2152896,R,,,,,,,
2153634,R,,,,,,,
2154044,R,,,,,,,
2156592,R,,,,,,,
2157311,R,,,,,,,
2158083,R,,,,,,,
2160289,R,,,,,,,
2160335,F,,,,,,,
2160427,F,,,,,,,
2164166,R,,,,,,,
2165899,F,,,,,,,
2167795,R,,,,,,,
2170683,R,,,,,,,
2171569,R,,,,,,,
2171662,F,,,,,,,
2171748,R,,,,,,,
2173088,R,,,,,,,
2175233,F,,,,,,,
2175454,F,,,,,,,
2176934,R,,,,,,,
2176989,R,,,,,,,
2177087,F,,,,,,,
2177212,R,,,,,,,
2178129,F,,,,,,,
2178447,F,,,,,,,
2179271,F,,,,,,,
2179491,R,,,,,,,
2181819,R,,,,,,,
2183372,F,,,,,,,
2183514,R,,,,,,,
2187324,F,,,,,,,
2190262,R,,,,,,,
2193615,F,,,,,,,
2194021,R,,,,,,,
2195206,R,,,,,,,
2195829,R,,,,,,,
2195989,F,,,,,,,
2197688,F,,,,,,,
2198639,F,,,,,,,
2200713,F,,,,,,,
2201248,F,,,,,,,
2204225,R,,,,,,,
2205549,R,,,,,,,
2207047,R,,,,,,,
2207614,F,,,,,,,
2218416,F,,,,,,,
2219251,R,,,,,,,
2219535,R,,,,,,,
2219559,F,,,,,,,
2220018,R,,,,,,,
2220880,F,,,,,,,
2222358,F,,,,,,,
2223583,R,,,,,,,
2223692,F,,,,,,,
2224105,R,,,,,,,
2224149,R,,,,,,,
2224639,R,,,,,,,
2225322,R,,,,,,,
2226101,R,,,,,,,
2226211,F,,,,,,,
2227076,R,,,,,,,
2228561,R,,,,,,,
2228676,F,,,,,,,
2229077,R,,,,,,,
2229988,F,,,,,,,
2230603,R,,,,,,,
2231025,F,,,,,,,
2231453,F,,,,,,,
2231652,F,,,,,,,
2232275,F,,,,,,,
2232679,F,,,,,,,
2233688,F,,,,,,,
2234891,R,,,,,,,
2236971,F,,,,,,,
2237984,R,,,,,,,
2238672,R,,,,,,,
2238979,F,,,,,,,
2239462,F,,,,,,,
2239662,F,,,,,,,
2240121,F,,,,,,,
2242332,R,,,,,,,
2242958,F,,,,,,,
2243744,R,,,,,,,
2245140,R,,,,,,,
2249979,R,,,,,,,
2251173,R,,,,,,,
2251236,F,,,,,,,
2251902,R,,,,,,,
2252026,F,,,,,,,
2252442,R,,,,,,,
2254131,R,,,,,,,
2256116,R,,,,,,,
2256192,R,,,,,,,
2256321,R,,,,,,,
2256430,R,,,,,,,
2256599,R,,,,,,,
2256611,F,,,,,,,
2258045,F,,,,,,,
2260161,R,,,,,,,
2263072,R,,,,,,,
2263390,F,,,,,,,
2265231,F,,,,,,,
2267109,F,,,,,,,
2267504,R,,,,,,,
2268167,F,,,,,,,
2268257,R,,,,,,,
2270240,R,,,,,,,
2270454,F,,,,,,,
2274781,F,,,,,,,
2275228,R,,,,,,,
2276365,R,,,,,,,
2276432,R,,,,,,,
2276697,R,,,,,,,
2276880,R,,,,,,,
2276909,R,,,,,,,
2277579,R,,,,,,,
2277643,R,,,,,,,
2277703,R,,,,,,,
2277989,R,,,,,,,
2278076,R,,,,,,,
2278266,R,,,,,,,
2278336,R,,,,,,,
2278416,R,,,,,,,
2278697,R,,,,,,,
2278792,R,,,,,,,
2278868,R,,,,,,,
2278902,R,,,,,,,
2278965,R,,,,,,,
2279105,F,,,,,,,
2279469,R,,,,,,,
2279497,F,,,,,,,
2279861,F,,,,,,,
2280009,F,,,,,,,
2283712,R,,,,,,,
2288947,F,,,,,,,
2289241,R,,,,,,,
2291190,R,,,,,,,
2300448,F,,,,,,,
2307195,R,,,,,,,
2307643,R,,,,,,,
2307695,F,,,,,,,
2307752,F,,,,,,,
2307764,R,,,,,,,
2309159,R,,,,,,,
2313052,R,,,,,,,
2313125,F,,,,,,,
2313257,R,,,,,,,
2315155,F,,,,,,,
2317085,R,,,,,,,
2319456,F,,,,,,,
2319458,R,,,,,,,
2320753,R,,,,,,,
2320831,F,,,,,,,
2325881,R,,,,,,,
2326382,R,,,,,,,
2326809,R,,,,,,,
2326827,F,,,,,,,
2326941,F,,,,,,,
2328880,F,,,,,,,
2329918,F,,,,,,,
2330998,F,,,,,,,
2331335,F,,,,,,,
2333867,R,,,,,,,
2334000,R,,,,,,,
2335040,F,,,,,,,
2337156,F,,,,,,,
2337691,R,,,,,,,
2337743,R,,,,,,,
2337992,R,,,,,,,
2338606,R,,,,,,,
2338641,R,,,,,,,
2339442,F,,,,,,,
2340457,R,,,,,,,
2340585,R,,,,,,,
2342349,R,,,,,,,
2344250,R,,,,,,,
2344328,F,,,,,,,
2349323,R,,,,,,,
2352880,R,,,,,,,
2353317,R,,,,,,,
2355201,R,,,,,,,
2356314,F,,,,,,,
2356677,R,,,,,,,
2359813,R,,,,,,,
2360164,F,,,,,,,
2364239,R,,,,,,,
2364781,R,,,,,,,
2364799,F,,,,,,,
2365368,R,,,,,,,
2366707,F,,,,,,,
2366947,F,,,,,,,
2368407,F,,,,,,,
2369302,R,,,,,,,
2369321,F,,,,,,,
2370771,R,,,,,,,
2370857,R,,,,,,,
2371432,R,,,,,,,
2372422,R,,,,,,,
2372628,F,,,,,,,
2373578,F,,,,,,,
2373833,F,,,,,,,
2374299,R,,,,,,,
2374347,R,,,,,,,
2374380,R,,,,,,,
2375289,R,,,,,,,
2376084,F,,,,,,,
2376329,R,,,,,,,
2376419,F,,,,,,,
2378386,F,,,,,,,
2380926,R,,,,,,,
2383668,R,,,,,,,
2385119,R,,,,,,,
2386067,R,,,,,,,
2386293,F,,,,,,,
2388512,F,,,,,,,
2388551,F,,,,,,,
2389914,F,,,,,,,
2389943,R,,,,,,,
2390129,R,,,,,,,
2391189,R,,,,,,,
2391995,F,,,,,,,
2392459,R,,,,,,,
2393317,R,,,,,,,
2393411,F,,,,,,,
2395240,R,,,,,,,
2395290,R,,,,,,,
2396557,R,,,,,,,
2396640,R,,,,,,,
2396856,R,,,,,,,
2397210,R,,,,,,,
2397245,F,,,,,,,
2398260,F,,,,,,,
2400662,F,,,,,,,
2401966,F,,,,,,,
2402719,R,,,,,,,
2403323,F,,,,,,,
2404154,R,,,,,,,
2404276,R,,,,,,,
2404550,R,,,,,,,
2404619,R,,,,,,,
2404725,R,,,,,,,
2405472,R,,,,,,,
2406018,R,,,,,,,
2406841,R,,,,,,,
2406842,F,,,,,,,
2408329,R,,,,,,,
2409607,F,,,,,,,
2409625,R,,,,,,,
2414412,R,,,,,,,
2415170,R,,,,,,,
2420600,R,,,,,,,
2420643,R,,,,,,,
2422608,R,,,,,,,
2422787,R,,,,,,,
2423170,R,,,,,,,
2424648,R,,,,,,,
2424904,R,,,,,,,
2425255,F,,,,,,,
2425368,F,,,,,,,
2425700,R,,,,,,,
2425719,F,,,,,,,
2425818,R,,,,,,,
2429503,R,,,,,,,
2429897,R,,,,,,,
2430178,R,,,,,,,
2432038,R,,,,,,,
2432909,F,,,,,,,
2434655,R,,,,,,,
2434776,F,,,,,,,
2435359,R,,,,,,,
2435435,R,,,,,,,
2436740,F,,,,,,,
2437850,R,,,,,,,
2437905,F,,,,,,,
2437941,F,,,,,,,
2441720,R,,,,,,,
2445362,R,,,,,,,
2445418,R,,,,,,,
2445489,F,,,,,,,
2445991,R,,,,,,,
2446044,R,,,,,,,
2446589,F,,,,,,,
2447431,F,,,,,,,
2447600,R,,,,,,,
2447994,R,,,,,,,
2448112,F,,,,,,,
2450539,R,,,,,,,
2451044,F,,,,,,,
2453325,R,,,,,,,
2453448,R,,,,,,,
2456743,R,,,,,,,
2456876,F,,,,,,,
2457251,R,,,,,,,
2457398,R,,,,,,,
2457443,F,,,,,,,
2459078,F,,,,,,,
2459297,R,,,,,,,
2460318,R,,,,,,,
2460953,R,,,,,,,
2461082,F,,,,,,,
2463138,R,,,,,,,
2463267,F,,,,,,,
2463654,R,,,,,,,
2463793,R,,,,,,,
2464836,R,,,,,,,
2466100,F,,,,,,,
2467640,R,,,,,,,
2467714,R,,,,,,,
2468062,R,,,,,,,
2468140,F,,,,,,,
2468918,R,,,,,,,
2469273,R,,,,,,,
2469383,R,,,,,,,
2469405,F,,,,,,,
2469565,R,,,,,,,
2470622,F,,,,,,,
2473279,F,,,,,,,
2473389,R,,,,,,,
2474670,R,,,,,,,
2475736,F,,,,,,,
2475970,R,,,,,,,
2477146,R,,,,,,,
2477205,F,,,,,,,
2478705,R,,,,,,,
2480196,R,,,,,,,
2480499,F,,,,,,,
2481740,R,,,,,,,
2481870,F,,,,,,,
2485093,R,,,,,,,
2485273,F,,,,,,,
2486232,F,,,,,,,
2486883,F,,,,,,,
2487473,F,,,,,,,
2487478,R,,,,,,,
2487544,F,,,,,,,
2487608,F,,,,,,,
2488773,R,,,,,,,
2489055,F,,,,,,,
2492347,R,,,,,,,
2493020,R,,,,,,,
2493081,R,,,,,,,
2493701,R,,,,,,,
2493745,R,,,,,,,
2495367,R,,,,,,,
2496020,F,,,,,,,
2497017,R,,,,,,,
2497678,F,,,,,,,
2497745,R,,,,,,,
2498368,R,,,,,,,
2498387,F,,,,,,,
2498779,F,,,,,,,
2500546,R,,,,,,,
2500635,R,,,,,,,
2500821,R,,,,,,,
2505647,F,,,,,,,
2506428,F,,,,,,,
2506697,R,,,,,,,
2507540,F,,,,,,,
2509415,F,,,,,,,
2510161,F,,,,,,,
2510542,R,,,,,,,
2511646,R,,,,,,,
2512164,F,,,,,,,
2512398,F,,,,,,,
2513595,R,,,,,,,
2516408,R,,,,,,,
2516674,R,,,,,,,
2516787,F,,,,,,,
2517306,F,,,,,,,
2517741,R,,,,,,,
2517935,F,,,,,,,
2519599,F,,,,,,,
2525372,F,,,,,,,
2529385,R,,,,,,,
2529953,R,,,,,,,
2532212,R,,,,,,,
2532245,F,,,,,,,
2538704,F,,,,,,,
2540066,F,,,,,,,
2540648,F,,,,,,,
2541685,R,,,,,,,
2544382,F,,,,,,,
2545285,F,,,,,,,
2545586,R,,,,,,,
2546790,F,,,,,,,
2551307,F,,,,,,,
2551518,F,,,,,,,
2553192,F,,,,,,,
2554514,F,,,,,,,
2554766,F,,,,,,,
2555477,R,,,,,,,
2556145,F,,,,,,,
2556785,F,,,,,,,
2557473,F,,,,,,,
2557723,R,,,,,,,
2561476,F,,,,,,,
2562178,R,,,,,,,
2562553,F,,,,,,,
2562953,F,,,,,,,
2563113,F,,,,,,,
2563527,R,,,,,,,
2564272,F,,,,,,,
2565112,R,,,,,,,
2566767,F,,,,,,,
2566847,F,,,,,,,
2567842,R,,,,,,,
2567866,F,,,,,,,
2568099,F,,,,,,,
2569082,F,,,,,,,
2572025,R,,,,,,,
2572882,R,,,,,,,
2573015,F,,,,,,,
2575598,R,,,,,,,
2577995,R,,,,,,,
2579153,F,,,,,,,
2579287,R,,,,,,,
2580163,F,,,,,,,
2580328,R,,,,,,,
2581740,F,,,,,,,
2582025,R,,,,,,,
2582183,F,,,,,,,
2584635,R,,,,,,,
2585248,R,,,,,,,
2585906,R,,,,,,,
2586622,F,,,,,,,
2587527,R,,,,,,,
2591171,R,,,,,,,
2595883,F,,,,,,,
2596209,R,,,,,,,
2598480,R,,,,,,,
2599988,F,,,,,,,
2600682,F,,,,,,,
2601903,R,,,,,,,
2602059,F,,,,,,,
2603499,R,,,,,,,
2603620,R,,,,,,,
2604222,R,,,,,,,
2604318,F,,,,,,,
2607475,R,,,,,,,
2608526,F,,,,,,,
2609763,F,,,,,,,
2610783,F,,,,,,,
2613080,R,,,,,,,
2614103,R,,,,,,,
2614511,F,,,,,,,
2614556,F,,,,,,,
2615119,R,,,,,,,
2617437,F,,,,,,,
2618909,F,,,,,,,
2618971,R,,,,,,,
2619479,R,,,,,,,
2619512,R,,,,,,,
2620244,F,,,,,,,
2622452,R,,,,,,,
2623821,F,,,,,,,
2624618,R,,,,,,,
2624937,R,,,,,,,
2625870,F,,,,,,,
2626195,R,,,,,,,
2626552,R,,,,,,,
2626571,F,,,,,,,
2627046,R,,,,,,,
2630376,R,,,,,,,
2630400,F,,,,,,,
2630590,F,,,,,,,
2632443,F,,,,,,,
2633364,R,,,,,,,
2633548,R,,,,,,,
2634166,R,,,,,,,
2636870,F,,,,,,,
2636965,R,,,,,,,
2637319,R,,,,,,,
2637471,F,,,,,,,
2637743,R,,,,,,,
2639550,R,,,,,,,
2640288,F,,,,,,,
2641118,R,,,,,,,
2642171,R,,,,,,,
2642426,F,,,,,,,
2642471,R,,,,,,,
2642676,R,,,,,,,
2642952,R,,,,,,,
2644258,R,,,,,,,
2644318,F,,,,,,,
2648365,R,,,,,,,
2648908,R,,,,,,,
2649640,F,,,,,,,
2649700,F,,,,,,,
2650036,R,,,,,,,
2653496,R,,,,,,,
2654197,F,,,,,,,
2655126,R,,,,,,,
2655221,F,,,,,,,
2655811,R,,,,,,,
2655943,R,,,,,,,
2656157,R,,,,,,,
2664802,R,,,,,,,
2680012,R,,,,,,,
2680334,F,,,,,,,
2681463,R,,,,,,,
2681677,F,,,,,,,
2682295,R,,,,,,,
2683187,R,,,,,,,
2683229,F,,,,,,,
2683995,F,,,,,,,
2684313,R,,,,,,,
2684429,F,,,,,,,
2684487,F,,,,,,,
2690072,F,,,,,,,
2690280,F,,,,,,,
2692164,F,,,,,,,
2692266,F,,,,,,,
2692651,F,,,,,,,
2692724,F,,,,,,,
2693130,F,,,,,,,
2695172,R,,,,,,,
2695857,F,,,,,,,
2697910,R,,,,,,,
2698240,R,,,,,,,
2698415,F,,,,,,,
2698840,R,,,,,,,
2703166,R,,,,,,,
2703236,F,,,,,,,
2704080,R,,,,,,,
2704159,R,,,,,,,
2704282,R,,,,,,,
2704466,R,,,,,,,
2706031,R,,,,,,,
2706739,F,,,,,,,
2709788,R,,,,,,,
2709956,R,,,,,,,
2710044,F,,,,,,,
2710428,R,,,,,,,
2710452,F,,,,,,,
2712965,R,,,,,,,
2715334,R,,,,,,,
2715367,R,,,,,,,
2718833,R,,,,,,,
2724731,F,,,,,,,
2726152,F,,,,,,,
2727405,F,,,,,,,
2727603,R,,,,,,,
2727871,R,,,,,,,
2727917,F,,,,,,,
2728493,R,,,,,,,
2728515,F,,,,,,,
2731967,F,,,,,,,
2732284,R,,,,,,,
2736834,R,,,,,,,
2740370,R,,,,,,,
2740495,R,,,,,,,
2740587,R,,,,,,,
2740594,F,,,,,,,
2741342,F,,,,,,,
2742288,R,,,,,,,
2742889,R,,,,,,,
2743484,R,,,,,,,
2743544,R,,,,,,,
2744417,F,,,,,,,
2745227,R,,,,,,,
2745724,R,,,,,,,
2747372,R,,,,,,,
2750255,R,,,,,,,
2750721,R,,,,,,,
2750778,R,,,,,,,
2751572,R,,,,,,,
2752968,R,,,,,,,
2756747,R,,,,,,,
2756808,R,,,,,,,
2758702,R,,,,,,,
2759541,R,,,,,,,
2759631,R,,,,,,,
2760741,F,,,,,,,
2762529,R,,,,,,,
2762990,R,,,,,,,
2763017,F,,,,,,,
2763807,R,,,,,,,
2765505,F,,,,,,,
2765561,R,,,,,,,
2766341,R,,,,,,,
2768150,R,,,,,,,
2768986,F,,,,,,,
2772340,R,,,,,,,
2773044,R,,,,,,,
2773168,F,,,,,,,
2774982,R,,,,,,,
2775241,R,,,,,,,
2775283,F,,,,,,,
2782355,R,,,,,,,
2782495,R,,,,,,,
2782819,F,,,,,,,
2783979,R,,,,,,,
2784079,R,,,,,,,
2784676,R,,,,,,,
2787257,F,,,,,,,
2787583,R,,,,,,,
2789333,R,,,,,,,
2792595,R,,,,,,,
2794071,R,,,,,,,
2794171,F,,,,,,,
2797197,F,,,,,,,
2800788,R,,,,,,,
2801153,R,,,,,,,
2802001,F,,,,,,,
2806874,F,,,,,,,
2808083,F,,,,,,,
2810285,R,,,,,,,
2811938,R,,,,,,,
2812274,R,,,,,,,
2812612,R,,,,,,,
2814431,F,,,,,,,
2814905,R,,,,,,,
2816879,F,,,,,,,
2816974,R,,,,,,,
2816998,F,,,,,,,
2817037,F,,,,,,,
2817232,R,,,,,,,
2819220,F,,,,,,,
2821285,F,,,,,,,
2821650,R,,,,,,,
2821669,F,,,,,,,
2822427,F,,,,,,,
2824678,F,,,,,,,
2827157,F,,,,,,,
2827814,F,,,,,,,
2827879,F,,,,,,,
2828018,F,,,,,,,
2828224,F,,,,,,,
2828565,F,,,,,,,
2829797,F,,,,,,,
2833755,R,,,,,,,
2834559,F,,,,,,,
2835379,R,,,,,,,
2835386,F,,,,,,,
2835480,F,,,,,,,
2837209,R,,,,,,,
2837684,F,,,,,,,
2842842,R,,,,,,,
2846777,R,,,,,,,
2849498,R,,,,,,,
2849658,F,,,,,,,
2850576,R,,,,,,,
2854907,R,,,,,,,
2857825,R,,,,,,,
2857827,F,,,,,,,
2860419,R,,,,,,,
2860449,F,,,,,,,
2861071,R,,,,,,,
2864412,R,,,,,,,
2865819,R,,,,,,,
2866463,R,,,,,,,
2866758,R,,,,,,,
2868606,F,,,,,,,
2869441,R,,,,,,,
2869627,R,,,,,,,
2870340,R,,,,,,,
2870766,F,,,,,,,
2875128,R,,,,,,,
2875805,R,,,,,,,
2876977,R,,,,,,,
2877074,F,,,,,,,
2877867,F,,,,,,,
2880020,F,,,,,,,
2880175,R,,,,,,,
2881406,F,,,,,,,
2882083,F,,,,,,,
2882290,F,,,,,,,
2884431,F,,,,,,,
2885020,R,,,,,,,
2886563,R,,,,,,,
2889782,R,,,,,,,
2889794,F,,,,,,,
2891939,R,,,,,,,
2894403,R,,,,,,,
2897003,R,,,,,,,
2897022,F,,,,,,,
2897825,R,,,,,,,
2898806,F,,,,,,,
2899319,F,,,,,,,
2900421,R,,,,,,,
2900648,R,,,,,,,
2901767,R,,,,,,,
2902676,F,,,,,,,
2906763,R,,,,,,,
2906862,F,,,,,,,
2910212,R,,,,,,,
2910893,R,,,,,,,
2910924,R,,,,,,,
2911259,F,,,,,,,
2911332,R,,,,,,,
2911729,F,,,,,,,
2912104,F,,,,,,,
2913226,R,,,,,,,
2913406,F,,,,,,,
2916274,R,,,,,,,
2916325,F,,,,,,,
2916611,R,,,,,,,
2917784,R,,,,,,,
2917792,F,,,,,,,
2918340,F,,,,,,,
2919599,R,,,,,,,
2922963,R,,,,,,,
2925414,R,,,,,,,
2925476,R,,,,,,,
2925492,F,,,,,,,
2926299,F,,,,,,,
2930049,R,,,,,,,
2930070,F,,,,,,,
2931593,R,,,,,,,
2933332,R,,,,,,,
2933722,F,,,,,,,
2934086,R,,,,,,,
2934169,F,,,,,,,
2935870,R,,,,,,,
2940959,R,,,,,,,
2943992,F,,,,,,,
2946220,R,,,,,,,
2948585,R,,,,,,,
2949535,F,,,,,,,
2949708,F,,,,,,,
2949922,F,,,,,,,
2950159,F,,,,,,,
2950205,F,,,,,,,
2950233,F,,,,,,,
2950322,F,,,,,,,
2950359,F,,,,,,,
2950409,F,,,,,,,
2950876,R,,,,,,,
2951359,R,,,,,,,
2951519,R,,,,,,,
2951734,R,,,,,,,
2953030,R,,,,,,,
2953506,R,,,,,,,
2953540,R,,,,,,,
2953970,R,,,,,,,
2954031,R,,,,,,,
2954433,F,,,,,,,
2954749,R,,,,,,,
2955141,F,,,,,,,
2955519,F,,,,,,,
2955552,R,,,,,,,
2955570,F,,,,,,,
2956387,F,,,,,,,
2956483,F,,,,,,,
2956882,R,,,,,,,
2956947,F,,,,,,,
2957340,F,,,,,,,
2958733,F,,,,,,,
2959249,R,,,,,,,
2959530,R,,,,,,,
2959851,R,,,,,,,
2962499,R,,,,,,,
2962956,F,,,,,,,
2963586,F,,,,,,,
2965358,R,,,,,,,
2965837,R,,,,,,,
2966085,F,,,,,,,
2966120,F,,,,,,,
2966533,F,,,,,,,
2968657,F,,,,,,,
2969440,F,,,,,,,
2969588,R,,,,,,,
2969619,R,,,,,,,
2969669,F,,,,,,,
2971485,R,,,,,,,
2975898,R,,,,,,,
2978156,F,,,,,,,
2978292,F,,,,,,,
2978540,F,,,,,,,
2979315,R,,,,,,,
2979344,R,,,,,,,
2980849,R,,,,,,,
2980911,F,,,,,,,
2982041,R,,,,,,,
2982087,R,,,,,,,
2982565,F,,,,,,,
2983077,R,,,,,,,
2984704,F,,,,,,,
2989171,F,,,,,,,
2990365,R,,,,,,,
2990706,F,,,,,,,
2991101,F,,,,,,,
2992628,R,,,,,,,
2993857,F,,,,,,,
2995063,R,,,,,,,
2995114,F,,,,,,,
2996002,F,,,,,,,
2997566,R,,,,,,,
2999968,R,,,,,,,
3000056,F,,,,,,,
3000124,F,,,,,,,
3000166,F,,,,,,,
3005761,R,,,,,,,
3009085,F,,,,,,,
3009256,F,,,,,,,
3011437,R,,,,,,,
3011593,R,,,,,,,
3011835,R,,,,,,,
3012667,F,,,,,,,
3012755,F,,,,,,,
3013880,R,,,,,,,
3014580,R,,,,,,,
3015203,F,,,,,,,
3016833,F,,,,,,,
3017002,F,,,,,,,
3017683,R,,,,,,,
3017707,F,,,,,,,
3018622,R,,,,,,,
3018797,F,,,,,,,
3018863,R,,,,,,,
3019185,F,,,,,,,
3020167,R,,,,,,,
3020197,R,,,,,,,
3020293,R,,,,,,,
3020304,F,,,,,,,
3020571,F,,,,,,,
3021163,F,,,,,,,
3021787,R,,,,,,,
3021857,F,,,,,,,
3022433,F,,,,,,,
3022870,R,,,,,,,
3022934,F,,,,,,,
3023040,F,,,,,,,
3023550,F,,,,,,,
3023605,F,,,,,,,
3024065,R,,,,,,,
3025432,F,,,,,,,
3026335,R,,,,,,,
3026541,F,,,,,,,
3026729,F,,,,,,,
3027028,F,,,,,,,
3027634,R,,,,,,,
3027908,F,,,,,,,
3028236,R,,,,,,,
3029172,F,,,,,,,
3030385,R,,,,,,,
3030812,R,,,,,,,
3030917,R,,,,,,,
3031788,F,,,,,,,
3031899,F,,,,,,,
3034711,R,,,,,,,
3034730,F,,,,,,,
3035001,R,,,,,,,
3035547,F,,,,,,,
3035684,F,,,,,,,
3036350,R,,,,,,,
3037320,R,,,,,,,
3041461,R,,,,,,,
3041879,R,,,,,,,
3042518,R,,,,,,,
3045003,R,,,,,,,
3046717,R,,,,,,,
3052000,R,,,,,,,
3053233,F,,,,,,,
3055308,R,,,,,,,
3055488,R,,,,,,,
3056018,F,,,,,,,
3056116,F,,,,,,,
3058114,R,,,,,,,
3058561,R,,,,,,,
3059262,F,,,,,,,
3061424,F,,,,,,,
3062350,R,,,,,,,
3062454,F,,,,,,,
3063199,R,,,,,,,
3067125,R,,,,,,,
3073324,F,,,,,,,
3074172,R,,,,,,,
3074355,R,,,,,,,
3074480,R,,,,,,,
3074907,R,,,,,,,
3074918,F,,,,,,,
3076445,R,,,,,,,
3079088,F,,,,,,,
3080509,R,,,,,,,
3080573,R,,,,,,,
3081699,R,,,,,,,
3082341,R,,,,,,,
3082521,F,,,,,,,
3082622,R,,,,,,,
3082816,F,,,,,,,
3085475,R,,,,,,,
3085498,F,,,,,,,
3086030,R,,,,,,,
3086183,R,,,,,,,
3086712,R,,,,,,,
3086799,F,,,,,,,
3087414,F,,,,,,,
3092885,R,,,,,,,
3093825,R,,,,,,,
3094879,R,,,,,,,
3095128,F,,,,,,,
3095303,R,,,,,,,
3096033,R,,,,,,,
3096415,R,,,,,,,
3096959,F,,,,,,,
3098386,R,,,,,,,
3102271,R,,,,,,,
3103346,R,,,,,,,
3107664,R,,,,,,,
3107783,F,,,,,,,
3109635,F,,,,,,,
3111826,R,,,,,,,
3111996,R,,,,,,,
3112014,F,,,,,,,
3114111,R,,,,,,,
3114782,F,,,,,,,
3115285,F,,,,,,,
3115962,F,,,,,,,
3116137,R,,,,,,,
3123618,F,,,,,,,
3123690,R,,,,,,,
3123884,F,,,,,,,
3130688,F,,,,,,,
3132387,R,,,,,,,
3133579,R,,,,,,,
3135498,R,,,,,,,
3137236,R,,,,,,,
3137271,F,,,,,,,
3145008,F,,,,,,,
3146144,R,,,,,,,
3146712,R,,,,,,,
3147962,R,,,,,,,
3148318,R,,,,,,,
3148342,F,,,,,,,
3149806,R,,,,,,,
3150067,R,,,,,,,
3150693,F,,,,,,,
3153185,R,,,,,,,
3153432,R,,,,,,,
3154240,R,,,,,,,
3154301,R,,,,,,,
3154388,R,,,,,,,
3154521,R,,,,,,,
3154634,R,,,,,,,
3154656,F,,,,,,,
3155871,R,,,,,,,
3156161,F,,,,,,,
3156438,F,,,,,,,
3160551,R,,,,,,,
3160787,R,,,,,,,
3161464,R,,,,,,,
3162091,R,,,,,,,
3162234,F,,,,,,,
3162524,R,,,,,,,
3166652,F,,,,,,,
3173020,R,,,,,,,
3174017,R,,,,,,,
3177537,F,,,,,,,
3178177,R,,,,,,,
3178333,R,,,,,,,
3179363,R,,,,,,,
3180511,R,,,,,,,
3180549,R,,,,,,,
3181542,R,,,,,,,
3181901,R,,,,,,,
3182025,R,,,,,,,
3183011,R,,,,,,,
3183138,F,,,,,,,
3187400,R,,,,,,,
3187671,F,,,,,,,
3189934,R,,,,,,,
3190361,R,,,,,,,
3190681,R,,,,,,,
3192388,R,,,,,,,
3192458,R,,,,,,,
3194124,R,,,,,,,
3196132,R,,,,,,,
3196323,F,,,,,,,
3196431,F,,,,,,,
3196606,F,,,,,,,
3197299,F,,,,,,,
3198366,R,,,,,,,
3198680,F,,,,,,,
3199132,F,,,,,,,
3201448,R,,,,,,,
3201912,R,,,,,,,
3202434,R,,,,,,,
3204290,R,,,,,,,
3205228,F,,,,,,,
3205424,R,,,,,,,
3205549,R,,,,,,,
3210744,F,,,,,,,
3211446,F,,,,,,,
3211556,F,,,,,,,
3212214,R,,,,,,,
3213854,R,,,,,,,
3214394,R,,,,,,,
3214494,F,,,,,,,
3217774,R,,,,,,,
3220042,R,,,,,,,
3220116,F,,,,,,,
3220208,F,,,,,,,
3220742,R,,,,,,,
3221682,R,,,,,,,
3223524,R,,,,,,,
3226285,R,,,,,,,
3231294,R,,,,,,,
3234336,F,,,,,,,
3234753,R,,,,,,,
3238499,R,,,,,,,
3239930,R,,,,,,,
3241135,R,,,,,,,
3241995,R,,,,,,,
3242234,F,,,,,,,
3242246,R,,,,,,,
3242304,F,,,,,,,
3243214,F,,,,,,,
3243367,F,,,,,,,
3251014,R,,,,,,,
3251152,F,,,,,,,
3255735,R,,,,,,,
3255938,F,,,,,,,
3256949,F,,,,,,,
3258265,F,,,,,,,
3267134,R,,,,,,,
3267422,F,,,,,,,
3267711,F,,,,,,,
3267737,F,,,,,,,
3269515,F,,,,,,,
3271764,F,,,,,,,
3272436,F,,,,,,,
3272502,F,,,,,,,
3276480,R,,,,,,,
3276842,R,,,,,,,
3276906,R,,,,,,,
3277595,R,,,,,,,
3277670,R,,,,,,,
3278291,R,,,,,,,
3278556,R,,,,,,,
3278606,R,,,,,,,
3278845,R,,,,,,,
3281204,R,,,,,,,
3281516,F,,,,,,,
3281639,F,,,,,,,
3282450,R,,,,,,,
3282584,R,,,,,,,
3282636,R,,,,,,,
3282722,F,,,,,,,
3282849,R,,,,,,,
3282890,R,,,,,,,
3283335,F,,,,,,,
3283855,F,,,,,,,
3284393,R,,,,,,,
3284888,F,,,,,,,
3286268,R,,,,,,,
3286838,R,,,,,,,
3287194,R,,,,,,,
3287213,F,,,,,,,
3287968,F,,,,,,,
3289675,F,,,,,,,
3292681,R,,,,,,,
3296690,F,,,,,,,
3299191,R,,,,,,,
3299403,F,,,,,,,
3299498,R,,,,,,,
3301004,R,,,,,,,
3301133,R,,,,,,,
3301230,R,,,,,,,
3301276,R,,,,,,,
3301839,F,,,,,,,
3302575,R,,,,,,,
3302692,R,,,,,,,
3303195,R,,,,,,,
3304279,F,,,,,,,
3304286,R,,,,,,,
3304428,F,,,,,,,
3305279,F,,,,,,,
3307057,R,,,,,,,
3307391,R,,,,,,,
3307461,R,,,,,,,
3308668,F,,,,,,,
3310110,R,,,,,,,
3311776,R,,,,,,,
3313065,R,,,,,,,
3313106,F,,,,,,,
3313166,R,,,,,,,
3314407,R,,,,,,,
3315090,R,,,,,,,
3315231,F,,,,,,,
3318889,R,,,,,,,
3323703,R,,,,,,,
3324538,R,,,,,,,
3325529,R,,,,,,,
3325702,F,,,,,,,
3325832,R,,,,,,,
3325975,F,,,,,,,
3326145,R,,,,,,,
3328153,F,,,,,,,
3331657,R,,,,,,,
3331787,F,,,,,,,
3335748,R,,,,,,,
3336304,F,,,,,,,
3337917,R,,,,,,,
3339875,F,,,,,,,
3340008,F,,,,,,,
3342826,R,,,,,,,
3343216,R,,,,,,,
3343258,R,,,,,,,
3343351,R,,,,,,,
3343378,R,,,,,,,
3343861,R,,,,,,,
3346147,F,,,,,,,
3346148,R,,,,,,,
3346378,F,,,,,,,
3347188,R,,,,,,,
3347874,R,,,,,,,
3347982,F,,,,,,,
3348632,R,,,,,,,
3348693,F,,,,,,,
3348713,R,,,,,,,
3348770,R,,,,,,,
3351071,R,,,,,,,
3351269,F,,,,,,,
3352021,R,,,,,,,
3352294,R,,,,,,,
3355069,R,,,,,,,
3356933,R,,,,,,,
3359401,F,,,,,,,
3359728,R,,,,,,,
3362609,R,,,,,,,
3363155,R,,,,,,,
3363309,F,,,,,,,
3364533,R,,,,,,,
3364709,F,,,,,,,
3365342,F,,,,,,,
3367141,R,,,,,,,
3367226,F,,,,,,,
3368793,R,,,,,,,
3369854,R,,,,,,,
3371730,R,,,,,,,
3375745,F,,,,,,,
3376580,R,,,,,,,
3378051,R,,,,,,,
3378503,F,,,,,,,
3380490,R,,,,,,,
3381384,F,,,,,,,
3382616,F,,,,,,,
3384599,F,,,,,,,
3385069,R,,,,,,,
3388945,R,,,,,,,
3388983,R,,,,,,,
3389097,F,,,,,,,
3390166,F,,,,,,,
3393350,F,,,,,,,
3394623,R,,,,,,,
3394764,R,,,,,,,
3395035,R,,,,,,,
3395101,F,,,,,,,
3396440,R,,,,,,,
3398806,F,,,,,,,
3399410,R,,,,,,,
3401900,R,,,,,,,
3402082,R,,,,,,,
3404968,R,,,,,,,
3405121,F,,,,,,,
3406242,F,,,,,,,
3407028,F,,,,,,,
3407688,R,,,,,,,
3408864,R,,,,,,,
3409371,F,,,,,,,
3409418,R,,,,,,,
3410237,R,,,,,,,
3410253,F,,,,,,,
3410549,F,,,,,,,
3411169,R,,,,,,,
3411957,R,,,,,,,
3413123,R,,,,,,,
3414406,R,,,,,,,
3414934,R,,,,,,,
3415168,R,,,,,,,
3415326,R,,,,,,,
3416081,F,,,,,,,
3418662,R,,,,,,,
3418966,R,,,,,,,
3419388,R,,,,,,,
3419466,F,,,,,,,
3420399,R,,,,,,,
3421213,F,,,,,,,
3423239,F,,,,,,,
3425477,R,,,,,,,
3425499,F,,,,,,,
3426493,R,,,,,,,
3428530,F,,,,,,,
3429976,F,,,,,,,
3430361,F,,,,,,,
3431293,F,,,,,,,
3431473,R,,,,,,,
3431727,R,,,,,,,
3431810,F,,,,,,,
3431924,R,,,,,,,
3433545,F,,,,,,,
3433622,R,,,,,,,
3436297,R,,,,,,,
3436685,R,,,,,,,
3439011,R,,,,,,,
3440387,F,,,,,,,
3442160,R,,,,,,,
3446012,F,,,,,,,
3446041,R,,,,,,,
3446174,F,,,,,,,
3447193,R,,,,,,,
3447325,R,,,,,,,
3448504,F,,,,,,,
3451768,F,,,,,,,
3456943,F,,,,,,,
3459116,F,,,,,,,
3460075,F,,,,,,,
3461749,R,,,,,,,
3462911,R,,,,,,,
3463917,R,,,,,,,
3463969,F,,,,,,,
3466093,R,,,,,,,
3467412,F,,,,,,,
3468052,R,,,,,,,
3468334,R,,,,,,,
3468360,R,,,,,,,
3469264,R,,,,,,,
3470554,R,,,,,,,
3471385,R,,,,,,,
3471841,R,,,,,,,
3473062,R,,,,,,,
3473883,R,,,,,,,
3473903,F,,,,,,,
3477019,R,,,,,,,
3477175,R,,,,,,,
3477366,F,,,,,,,
3481457,R,,,,,,,
3482689,R,,,,,,,
3482848,R,,,,,,,
3482986,F,,,,,,,
3483213,R,,,,,,,
3485949,F,,,,,,,
3490172,F,,,,,,,
3490330,F,,,,,,,
3491782,R,,,,,,,
3491802,F,,,,,,,
3492027,R,,,,,,,
3492133,F,,,,,,,
3492210,F,,,,,,,
3492543,F,,,,,,,
3492808,F,,,,,,,
3492895,R,,,,,,,
3492905,F,,,,,,,
3492983,F,,,,,,,
3493060,F,,,,,,,
3493097,F,,,,,,,
3493135,F,,,,,,,
3493172,F,,,,,,,
3493386,F,,,,,,,
3493447,F,,,,,,,
3495022,R,,,,,,,
3495077,R,,,,,,,
3495119,R,,,,,,,
3495454,R,,,,,,,
3495740,R,,,,,,,
3495809,R,,,,,,,
3496410,R,,,,,,,
3496512,F,,,,,,,
3496715,F,,,,,,,
3496771,F,,,,,,,
3496815,F,,,,,,,
3497156,F,,,,,,,
3497364,F,,,,,,,
3497436,F,,,,,,,
3497510,F,,,,,,,
3499044,R,,,,,,,
3499075,F,,,,,,,
3499202,R,,,,,,,
3499342,R,,,,,,,
3499460,R,,,,,,,
3499891,R,,,,,,,
3499933,R,,,,,,,
3500044,R,,,,,,,
3500571,R,,,,,,,
3500705,R,,,,,,,
3500789,R,,,,,,,
3501167,F,,,,,,,
3502259,F,,,,,,,
3502571,F,,,,,,,
3503277,R,,,,,,,
3503301,F,,,,,,,
3505147,R,,,,,,,
3505279,R,,,,,,,
3505330,F,,,,,,,
3508095,F,,,,,,,
3508883,F,,,,,,,
3508954,F,,,,,,,
3509546,R,,,,,,,
3511427,R,,,,,,,
3512802,R,,,,,,,
3516524,F,,,,,,,
3520522,F,,,,,,,
3522636,F,,,,,,,
3524252,F,,,,,,,
3527052,F,,,,,,,
3527550,R,,,,,,,
3529234,R,,,,,,,
3529641,R,,,,,,,
3529800,R,,,,,,,
3529907,R,,,,,,,
3529970,R,,,,,,,
3530334,R,,,,,,,
3530583,R,,,,,,,
3530700,R,,,,,,,
3530819,R,,,,,,,
3530857,R,,,,,,,
3530935,R,,,,,,,
3530995,R,,,,,,,
3531138,R,,,,,,,
3531146,F,,,,,,,
3532517,R,,,,,,,
3532535,F,,,,,,,
3533211,F,,,,,,,
3533477,R,,,,,,,
3533910,F,,,,,,,
3534639,R,,,,,,,
3535414,R,,,,,,,
3536064,F,,,,,,,
3537239,R,,,,,,,
3537391,R,,,,,,,
3540860,R,,,,,,,
3540926,F,,,,,,,
3541364,R,,,,,,,
3542045,R,,,,,,,
3542102,F,,,,,,,
3544139,R,,,,,,,
3545368,R,,,,,,,
3545414,F,,,,,,,
3546536,R,,,,,,,
3547394,R,,,,,,,
3549951,R,,,,,,,
3550368,F,,,,,,,
3552523,F,,,,,,,
3554006,F,,,,,,,
3554268,F,,,,,,,
3555580,F,,,,,,,
3556373,F,,,,,,,
3556688,R,,,,,,,
3556873,F,,,,,,,
3557131,R,,,,,,,
3557333,R,,,,,,,
3559448,R,,,,,,,
3559571,F,,,,,,,
3561625,F,,,,,,,
3563217,R,,,,,,,
3563665,R,,,,,,,
3564286,R,,,,,,,
3564305,F,,,,,,,
3567029,R,,,,,,,
3567039,F,,,,,,,
3569032,R,,,,,,,
3569163,F,,,,,,,
3571211,R,,,,,,,
3571335,F,,,,,,,
3573711,R,,,,,,,
3580247,F,,,,,,,
3581055,F,,,,,,,
3581239,F,,,,,,,
3581634,F,,,,,,,
3581896,R,,,,,,,
3581920,F,,,,,,,
3582131,R,,,,,,,
3582424,R,,,,,,,
3582490,R,,,,,,,
3582527,R,,,,,,,
3583543,F,,,,,,,
3584885,R,,,,,,,
3584937,F,,,,,,,
3585001,F,,,,,,,
3585987,R,,,,,,,
3586097,F,,,,,,,
3587259,F,,,,,,,
3587539,R,,,,,,,
3587609,F,,,,,,,
3588837,F,,,,,,,
3590409,F,,,,,,,
3590681,F,,,,,,,
3590875,R,,,,,,,
3591569,R,,,,,,,
3591646,F,,,,,,,
3592501,R,,,,,,,
3595512,F,,,,,,,
3595574,F,,,,,,,
3595603,F,,,,,,,
3595815,F,,,,,,,
3597807,F,,,,,,,
3597831,R,,,,,,,
3597918,F,,,,,,,
3599338,F,,,,,,,
3599679,R,,,,,,,
3599851,F,,,,,,,
3600221,R,,,,,,,
3602186,R,,,,,,,
3603322,R,,,,,,,
3605849,R,,,,,,,
3606084,R,,,,,,,
3606222,R,,,,,,,
3606292,R,,,,,,,
3606523,R,,,,,,,
3607085,R,,,,,,,
3607694,R,,,,,,,
3608289,R,,,,,,,
3608313,F,,,,,,,
3609738,R,,,,,,,
3609969,R,,,,,,,
3611012,R,,,,,,,
3611312,F,,,,,,,
3612507,R,,,,,,,
3613605,R,,,,,,,
3614222,F,,,,,,,
3614398,R,,,,,,,
3617384,R,,,,,,,
3620570,R,,,,,,,
3621432,F,,,,,,,
3621466,R,,,,,,,
3626821,R,,,,,,,
3627340,R,,,,,,,
3628331,R,,,,,,,
3629131,R,,,,,,,
3629189,R,,,,,,,
3629715,R,,,,,,,
3630357,R,,,,,,,
3630510,R,,,,,,,
3632022,R,,,,,,,
3633639,F,,,,,,,
3638747,R,,,,,,,
3639252,R,,,,,,,
3640209,R,,,,,,,
3640376,R,,,,,,,
3640543,F,,,,,,,
3645942,F,,,,,,,
3646302,F,,,,,,,
3647705,R,,,,,,,
3647809,R,,,,,,,
3647868,R,,,,,,,
3647888,F,,,,,,,
3649468,F,,,,,,,
3650188,F,,,,,,,
3653347,R,,,,,,,
3653416,F,,,,,,,
3656066,R,,,,,,,
3658119,R,,,,,,,
3658744,R,,,,,,,
3658797,R,,,,,,,
3659915,R,,,,,,,
3660022,F,,,,,,,
3661169,R,,,,,,,
3662012,R,,,,,,,
3662062,F,,,,,,,
3662976,F,,,,,,,
3664928,F,,,,,,,
3665469,F,,,,,,,
3665498,F,,,,,,,
3669407,R,,,,,,,
3669949,R,,,,,,,
3669962,F,,,,,,,
3670304,F,,,,,,,
3670800,F,,,,,,,
3671794,R,,,,,,,
3671865,F,,,,,,,
3672039,F,,,,,,,
3672297,R,,,,,,,
3675176,R,,,,,,,
3676066,F,,,,,,,
3680368,R,,,,,,,
3680680,F,,,,,,,
3682747,R,,,,,,,
3683024,R,,,,,,,
3686013,R,,,,,,,
3687630,R,,,,,,,
3687691,F,,,,,,,
3689481,R,,,,,,,
3690856,F,,,,,,,
3690938,R,,,,,,,
3691141,F,,,,,,,
3691873,F,,,,,,,
3693989,R,,,,,,,
3697198,F,,,,,,,
3698121,F,,,,,,,
3698455,R,,,,,,,
3700336,R,,,,,,,
3701016,R,,,,,,,
3702444,R,,,,,,,
3703899,R,,,,,,,
3703984,F,,,,,,,
3708316,R,,,,,,,
3709705,R,,,,,,,
3711675,F,,,,,,,
3712360,R,,,,,,,
3714308,F,,,,,,,
3715264,R,,,,,,,
3715774,F,,,,,,,
3720528,F,,,,,,,
3721232,F,,,,,,,
3723634,R,,,,,,,
3723728,F,,,,,,,
3725851,R,,,,,,,
3725970,F,,,,,,,
3727387,R,,,,,,,
3728840,F,,,,,,,
3731144,R,,,,,,,
3736573,R,,,,,,,
3736939,F,,,,,,,
3743598,R,,,,,,,
3744321,F,,,,,,,
3744737,F,,,,,,,
3747329,R,,,,,,,
3747833,R,,,,,,,
3750071,F,,,,,,,
3752231,R,,,,,,,
3753216,R,,,,,,,
3755769,F,,,,,,,
3758349,R,,,,,,,
3761989,F,,,,,,,
3762210,F,,,,,,,
3765565,F,,,,,,,
3770649,R,,,,,,,
3772463,R,,,,,,,
3772563,R,,,,,,,
3772650,F,,,,,,,
3773100,R,,,,,,,
3775361,R,,,,,,,
3777256,F,,,,,,,
3777577,F,,,,,,,
3777632,R,,,,,,,
3778521,F,,,,,,,
3780979,R,,,,,,,
3781002,F,,,,,,,
3782874,R,,,,,,,
3786111,R,,,,,,,
3786314,F,,,,,,,
3786457,R,,,,,,,
3790125,F,,,,,,,
3794312,R,,,,,,,
3795119,R,,,,,,,
3796908,F,,,,,,,
3797915,R,,,,,,,
3798229,F,,,,,,,
3799134,F,,,,,,,
3799911,R,,,,,,,
3799988,F,,,,,,,
3800059,F,,,,,,,
3800093,R,,,,,,,
3801450,R,,,,,,,
3804371,R,,,,,,,
3804809,R,,,,,,,
3804865,F,,,,,,,
3805253,R,,,,,,,
3805380,R,,,,,,,
3805621,F,,,,,,,
3806044,F,,,,,,,
3808437,R,,,,,,,
3808461,F,,,,,,,
3814079,R,,,,,,,
3814770,R,,,,,,,
3817180,R,,,,,,,
3817220,F,,,,,,,
3820866,R,,,,,,,
3821826,F,,,,,,,
3822007,R,,,,,,,
3824405,F,,,,,,,
3824634,R,,,,,,,
3824994,R,,,,,,,
3826232,R,,,,,,,
3826273,F,,,,,,,
3827254,F,,,,,,,
3827570,F,,,,,,,
3828539,F,,,,,,,
3828727,R,,,,,,,
3828760,R,,,,,,,
3829865,F,,,,,,,
3831555,R,,,,,,,
3831726,F,,,,,,,
3833434,F,,,,,,,
3833603,R,,,,,,,
3834791,F,,,,,,,
3837458,R,,,,,,,
3838657,F,,,,,,,
3838864,R,,,,,,,
3841395,R,,,,,,,
3841566,F,,,,,,,
3841669,F,,,,,,,
3841843,R,,,,,,,
3842973,R,,,,,,,
3846597,F,,,,,,,
3847180,R,,,,,,,
3847288,F,,,,,,,
3847633,R,,,,,,,
3850324,F,,,,,,,
3854823,R,,,,,,,
3855053,R,,,,,,,
3856920,F,,,,,,,
3857397,F,,,,,,,
3857966,R,,,,,,,
3861370,R,,,,,,,
3862511,R,,,,,,,
3863163,R,,,,,,,
3865617,F,,,,,,,
3870820,R,,,,,,,
3874240,F,,,,,,,
3877132,R,,,,,,,
3877431,F,,,,,,,
3877454,R,,,,,,,
3878617,R,,,,,,,
3878673,F,,,,,,,
3878992,R,,,,,,,
3880218,R,,,,,,,
3880320,R,,,,,,,
3880370,R,,,,,,,
3880811,R,,,,,,,
3881085,R,,,,,,,
3881501,F,,,,,,,
3881837,F,,,,,,,
3883525,F,,,,,,,
3884851,R,,,,,,,
3885141,R,,,,,,,
3888185,R,,,,,,,
3889370,F,,,,,,,
3889434,F,,,,,,,
3892355,R,,,,,,,
3892396,F,,,,,,,
3893756,R,,,,,,,
3893932,R,,,,,,,
3893953,F,,,,,,,
3894280,F,,,,,,,
3894364,F,,,,,,,
3894539,F,,,,,,,
3894582,F,,,,,,,
3894743,F,,,,,,,
3895234,F,,,,,,,
3897554,R,,,,,,,
3899068,F,,,,,,,
3900450,R,,,,,,,
3901473,R,,,,,,,
3902866,F,,,,,,,
3904100,R,,,,,,,
3905697,F,,,,,,,
3906477,R,,,,,,,
3907518,R,,,,,,,
3908066,R,,,,,,,
3908071,F,,,,,,,
3909129,F,,,,,,,
3909382,R,,,,,,,
3909865,F,,,,,,,
3910098,F,,,,,,,
3913589,F,,,,,,,
3914065,F,,,,,,,
3914626,F,,,,,,,
3919228,R,,,,,,,
3920945,R,,,,,,,
3922295,R,,,,,,,
3922339,R,,,,,,,
3923077,R,,,,,,,
3924679,F,,,,,,,
3926504,F,,,,,,,
3930847,F,,,,,,,
3930948,F,,,,,,,
3930956,R,,,,,,,
3936720,F,,,,,,,
3938287,R,,,,,,,
3939260,R,,,,,,,
3939482,R,,,,,,,
3939558,F,,,,,,,
3950421,F,,,,,,,
3952499,F,,,,,,,
3954721,F,,,,,,,
3955548,F,,,,,,,
3956281,R,,,,,,,
3957646,R,,,,,,,
3958096,F,,,,,,,
3959384,R,,,,,,,
3960029,F,,,,,,,
3960826,F,,,,,,,
3961369,R,,,,,,,
3962410,F,,,,,,,
3965250,R,,,,,,,
3968149,F,,,,,,,
3968334,R,,,,,,,
3968623,F,,,,,,,
3968944,R,,,,,,,
3969108,F,,,,,,,
3970351,F,,,,,,,
3975452,R,,,,,,,
3979153,R,,,,,,,
3983571,R,,,,,,,
3985557,F,,,,,,,
3986844,F,,,,,,,
3987229,R,,,,,,,
3988014,R,,,,,,,
3989098,R,,,,,,,
3989117,F,,,,,,,
3995618,F,,,,,,,
3997901,R,,,,,,,
3997919,F,,,,,,,
4008182,R,,,,,,,
4012269,F,,,,,,,
4012299,R,,,,,,,
4012603,R,,,,,,,
4013478,F,,,,,,,
4013548,R,,,,,,,
4016288,F,,,,,,,
4016391,F,,,,,,,
4018168,R,,,,,,,
4018334,F,,,,,,,
4021982,F,,,,,,,
4023804,R,,,,,,,
4024263,R,,,,,,,
4024454,F,,,,,,,
4024488,R,,,,,,,
4025066,R,,,,,,,
4025113,R,,,,,,,
4025203,R,,,,,,,
4025293,R,,,,,,,
4025389,R,,,,,,,
4025456,F,,,,,,,
4025565,R,,,,,,,
4025782,F,,,,,,,
4026444,F,,,,,,,
4029762,R,,,,,,,
4030458,F,,,,,,,
4030494,R,,,,,,,
4034057,F,,,,,,,
4034232,F,,,,,,,
4039529,R,,,,,,,
4040284,R,,,,,,,
4040759,R,,,,,,,
4041210,F,,,,,,,
4041365,R,,,,,,,
4041979,F,,,,,,,
4042330,F,,,,,,,
4042436,R,,,,,,,
4046179,R,,,,,,,
4047496,R,,,,,,,
4047945,F,,,,,,,
4048580,F,,,,,,,
4052867,F,,,,,,,
4052931,R,,,,,,,
4054766,R,,,,,,,
4054827,R,,,,,,,
4054933,R,,,,,,,
4055312,R,,,,,,,
4055392,R,,,,,,,
4055804,R,,,,,,,
4056063,R,,,,,,,
4056112,R,,,,,,,
4056147,R,,,,,,,
4056274,R,,,,,,,
4056443,R,,,,,,,
4056601,F,,,,,,,
4056684,R,,,,,,,
4056710,F,,,,,,,
4057733,F,,,,,,,
4058321,F,,,,,,,
4060166,R,,,,,,,
4060185,F,,,,,,,
4062342,F,,,,,,,
4062527,F,,,,,,,
4063316,F,,,,,,,
4063856,R,,,,,,,
4067302,R,,,,,,,
4067368,F,,,,,,,
4071679,F,,,,,,,
4073046,F,,,,,,,
4073611,R,,,,,,,
4075687,F,,,,,,,
4077295,R,,,,,,,
4077949,F,,,,,,,
4079425,F,,,,,,,
4080784,R,,,,,,,
4081369,F,,,,,,,
4081437,R,,,,,,,
4081465,R,,,,,,,
4082867,F,,,,,,,
4083022,R,,,,,,,
4085185,F,,,,,,,
4085340,F,,,,,,,
4087380,R,,,,,,,
4087423,R,,,,,,,
4088188,R,,,,,,,
4088350,R,,,,,,,
4088680,R,,,,,,,
4088707,R,,,,,,,
4091841,F,,,,,,,
4095518,R,,,,,,,
4096763,R,,,,,,,
4099480,R,,,,,,,
4099496,F,,,,,,,
4099647,F,,,,,,,
4100682,F,,,,,,,
4101158,F,,,,,,,
4101444,F,,,,,,,
4105252,R,,,,,,,
4105639,F,,,,,,,
4107084,R,,,,,,,
4107590,R,,,,,,,
4107792,F,,,,,,,
4109177,R,,,,,,,
4109708,R,,,,,,,
4110341,F,,,,,,,
4110520,R,,,,,,,
4114541,R,,,,,,,
4115438,R,,,,,,,
4115477,R,,,,,,,
4115790,R,,,,,,,
4115945,R,,,,,,,
4116017,F,,,,,,,
4116390,F,,,,,,,
4116423,F,,,,,,,
4116567,F,,,,,,,
4118095,R,,,,,,,
4118485,F,,,,,,,
4118691,R,,,,,,,
4118761,R,,,,,,,
4119253,F,,,,,,,
4120119,F,,,,,,,
4120140,R,,,,,,,
4120181,R,,,,,,,
4121226,R,,,,,,,
4121509,R,,,,,,,
4121698,R,,,,,,,
4121853,R,,,,,,,
4121916,F,,,,,,,
4124139,F,,,,,,,
4124417,F,,,,,,,
4125797,R,,,,,,,
4126112,R,,,,,,,
4126533,F,,,,,,,
4126668,F,,,,,,,
4127609,R,,,,,,,
4128656,R,,,,,,,
4129109,R,,,,,,,
4129721,R,,,,,,,
4130357,R,,,,,,,
4130418,F,,,,,,,
4130445,F,,,,,,,
4134721,R,,,,,,,
4137114,R,,,,,,,
4137206,F,,,,,,,
4137292,R,,,,,,,
4139420,F,,,,,,,
4140130,F,,,,,,,
4140463,R,,,,,,,
4140550,F,,,,,,,
4142044,F,,,,,,,
4146803,F,,,,,,,
4147445,F,,,,,,,
4148251,R,,,,,,,
4149005,R,,,,,,,
4149480,R,,,,,,,
4149902,R,,,,,,,
4152455,F,,,,,,,
4152542,R,,,,,,,
4152823,F,,,,,,,
4153060,F,,,,,,,
4153512,R,,,,,,,
4153513,F,,,,,,,
4153618,F,,,,,,,
4156729,R,,,,,,,
4159776,R,,,,,,,
4160974,R,,,,,,,
4162341,F,,,,,,,
4163021,R,,,,,,,
4163341,F,,,,,,,
4166075,R,,,,,,,
4166731,R,,,,,,,
4168281,R,,,,,,,
4168345,F,,,,,,,
4168922,F,,,,,,,
4169442,F,,,,,,,
4169476,F,,,,,,,
4170229,F,,,,,,,
4170720,R,,,,,,,
4170739,F,,,,,,,
4170922,F,,,,,,,
4171325,R,,,,,,,
4171326,F,,,,,,,
4172685,R,,,,,,,
4172843,F,,,,,,,
4173372,R,,,,,,,
4174165,F,,,,,,,
4174200,R,,,,,,,
4178099,F,,,,,,,
4178249,F,,,,,,,
4181758,F,,,,,,,
4182357,F,,,,,,,
4182838,F,,,,,,,
4182934,F,,,,,,,
4185025,F,,,,,,,
4185890,R,,,,,,,
4186080,F,,,,,,,
4187614,R,,,,,,,
4187956,R,,,,,,,
4189859,F,,,,,,,
4190797,F,,,,,,,
4191069,R,,,,,,,
4191199,F,,,,,,,
4191253,R,,,,,,,
4191860,R,,,,,,,
4192070,F,,,,,,,
4192780,F,,,,,,,
4192860,F,,,,,,,
4193314,R,,,,,,,
4195440,F,,,,,,,
4196585,R,,,,,,,
4196724,F,,,,,,,
4198316,R,,,,,,,
4198652,R,,,,,,,
4199217,R,,,,,,,
4200243,R,,,,,,,
4200355,F,,,,,,,
4201665,F,,,,,,,
4201888,R,,,,,,,
4202026,R,,,,,,,
4205373,R,,,,,,,
4205487,F,,,,,,,
4206303,F,,,,,,,
4206917,R,,,,,,,
4207673,F,,,,,,,
4208870,R,,,,,,,
4209368,F,,,,,,,
4209391,R,,,,,,,
4211176,R,,,,,,,
4211440,R,,,,,,,
4211820,R,,,,,,,
4212127,F,,,,,,,
4212676,R,,,,,,,
4213343,F,,,,,,,
4213976,R,,,,,,,
4214041,F,,,,,,,
4214615,F,,,,,,,
4217062,R,,,,,,,
4217096,R,,,,,,,
4218825,R,,,,,,,
4218835,F,,,,,,,
4222703,F,,,,,,,
4224895,R,,,,,,,
4224968,R,,,,,,,
4224985,F,,,,,,,
4224994,R,,,,,,,
4226898,F,,,,,,,
4227504,R,,,,,,,
4228661,F,,,,,,,
4230969,R,,,,,,,
4231318,R,,,,,,,
4233215,R,,,,,,,
4233242,F,,,,,,,
4233597,R,,,,,,,
4234528,F,,,,,,,
4235310,F,,,,,,,
4243233,F,,,,,,,
4246737,R,,,,,,,
4249050,F,,,,,,,
4250962,F,,,,,,,
4251085,F,,,,,,,
4252998,R,,,,,,,
4253332,F,,,,,,,
4255401,R,,,,,,,
4256650,R,,,,,,,
4258405,R,,,,,,,
4259304,R,,,,,,,
4260418,R,,,,,,,
4262998,R,,,,,,,
4263188,R,,,,,,,
4263244,R,,,,,,,
4263372,F,,,,,,,
4264453,R,,,,,,,
4264694,F,,,,,,,
4265494,F,,,,,,,
4265531,R,,,,,,,
4265765,R,,,,,,,
4266003,R,,,,,,,
4266234,R,,,,,,,
4266750,R,,,,,,,
4268914,R,,,,,,,
4271236,F,,,,,,,
4272504,F,,,,,,,
4273470,R,,,,,,,
4273615,R,,,,,,,
4273658,F,,,,,,,
4273727,F,,,,,,,
4273830,F,,,,,,,
4273945,R,,,,,,,
4274337,R,,,,,,,
4274723,R,,,,,,,
4274756,F,,,,,,,
4275534,R,,,,,,,
4275551,F,,,,,,,
4275610,R,,,,,,,
4277164,R,,,,,,,
4277405,F,,,,,,,
4277980,R,,,,,,,
4279900,F,,,,,,,
4281571,R,,,,,,,
4282412,F,,,,,,,
4284764,F,,,,,,,
4285882,F,,,,,,,
4285973,F,,,,,,,
4286347,F,,,,,,,
4286781,F,,,,,,,
4287915,F,,,,,,,
4287945,F,,,,,,,
4288250,R,,,,,,,
4291457,R,,,,,,,
4292898,R,,,,,,,
4295772,F,,,,,,,
4296157,R,,,,,,,
4298497,R,,,,,,,
4299383,R,,,,,,,
4299616,R,,,,,,,
4299810,F,,,,,,,
4303069,R,,,,,,,
4304226,F,,,,,,,
4305757,F,,,,,,,
4310811,F,,,,,,,
4312669,R,,,,,,,
4313172,F,,,,,,,
4313610,F,,,,,,,
4314178,F,,,,,,,
4314366,F,,,,,,,
4314485,F,,,,,,,
4314695,F,,,,,,,
4314725,F,,,,,,,
4314790,F,,,,,,,
4314824,F,,,,,,,
4314873,F,,,,,,,
4314920,F,,,,,,,
4315562,R,,,,,,,
4316042,R,,,,,,,
4316595,F,,,,,,,
4316596,R,,,,,,,
4316724,R,,,,,,,
4317071,F,,,,,,,
4319715,R,,,,,,,
4319860,R,,,,,,,
4320534,R,,,,,,,
4320551,F,,,,,,,
4320619,F,,,,,,,
4321397,F,,,,,,,
4321473,F,,,,,,,
4322175,F,,,,,,,
4323653,F,,,,,,,
4325024,F,,,,,,,
4326087,R,,,,,,,
4326749,R,,,,,,,
4327473,R,,,,,,,
4327505,F,,,,,,,
4327549,F,,,,,,,
4328164,F,,,,,,,
4329618,R,,,,,,,
4329955,R,,,,,,,
4332779,R,,,,,,,
4333120,R,,,,,,,
4335076,F,,,,,,,
4336268,R,,,,,,,
4336307,R,,,,,,,
4336375,R,,,,,,,
4336685,R,,,,,,,
4338714,F,,,,,,,
4338858,F,,,,,,,
4340209,F,,,,,,,
4341547,F,,,,,,,
4341680,R,,,,,,,
4342406,R,,,,,,,
4342575,F,,,,,,,
4343293,F,,,,,,,
4345039,F,,,,,,,
4346593,R,,,,,,,
4349729,F,,,,,,,
4350561,F,,,,,,,
4350612,F,,,,,,,
4351480,R,,,,,,,
4352202,F,,,,,,,
4352266,F,,,,,,,
4352570,F,,,,,,,
4353122,R,,,,,,,
4354474,R,,,,,,,
4355210,R,,,,,,,
4356664,F,,,,,,,
4358433,F,,,,,,,
4360009,R,,,,,,,
4361443,R,,,,,,,
4361763,R,,,,,,,
4361979,F,,,,,,,
4362590,R,,,,,,,
4363968,R,,,,,,,
4364834,R,,,,,,,
4365293,F,,,,,,,
4369980,F,,,,,,,
4371406,R,,,,,,,
4372706,R,,,,,,,
4372836,F,,,,,,,
4372921,F,,,,,,,
4374014,F,,,,,,,
4374424,R,,,,,,,
4376029,R,,,,,,,
4377644,R,,,,,,,
4377925,R,,,,,,,
4382680,R,,,,,,,
4383115,F,,,,,,,
4383927,F,,,,,,,
4384058,R,,,,,,,
4385672,R,,,,,,,
4387474,F,,,,,,,
4388276,R,,,,,,,
4393075,R,,,,,,,
4393190,F,,,,,,,
4393979,F,,,,,,,
4396193,F,,,,,,,
4399391,R,,,,,,,
4400095,F,,,,,,,
4400438,F,,,,,,,
4400809,F,,,,,,,
4400891,R,,,,,,,
4401690,F,,,,,,,
4403122,R,,,,,,,
4403142,F,,,,,,,
4403311,F,,,,,,,
4403951,F,,,,,,,
4404253,F,,,,,,,
4404407,F,,,,,,,
4404573,F,,,,,,,
4405239,R,,,,,,,
4405257,F,,,,,,,
4405547,R,,,,,,,
4407633,R,,,,,,,
4408066,R,,,,,,,
4410161,R,,,,,,,
4410910,R,,,,,,,
4411087,R,,,,,,,
4411177,F,,,,,,,
4411270,F,,,,,,,