#All mapped transcription start sites to the M. tuberculosis genome during growth arrest,,,,,,,,
#,,,,,,,,
#Strand indicates the DNA strand of the TSS. F: forward strand; R: reverse strand.,,,,,,,,
#,,,,,,,,
Genome position,Strand,,,,,,,
114,F,,,,,,,
1268,R,,,,,,,
2305,R,,,,,,,
3834,F,,,,,,,
5181,F,,,,,,,
5287,R,,,,,,,
5348,F,,,,,,,
8207,R,,,,,,,
10869,F,,,,,,,
10962,F,,,,,,,
11112,F,,,,,,,
12303,R,,,,,,,
12483,F,,,,,,,
13688,R,,,,,,,
14066,F,,,,,,,
14085,R,,,,,,,
14914,F,,,,,,,
15704,R,,,,,,,
19032,R,,,,,,,
19140,R,,,,,,,
19826,R,,,,,,,
20788,F,,,,,,,
21401,R,,,,,,,
22566,R,,,,,,,
22892,F,,,,,,,
23089,R,,,,,,,
23371,R,,,,,,,
23868,F,,,,,,,
24125,R,,,,,,,
24670,F,,,,,,,
24949,R,,,,,,,
25239,R,,,,,,,
25519,R,,,,,,,
25628,F,,,,,,,
29245,F,,,,,,,
29632,F,,,,,,,
29685,F,,,,,,,
30184,R,,,,,,,
31078,F,,,,,,,
31967,R,,,,,,,
32057,F,,,,,,,
33047,R,,,,,,,
33227,F,,,,,,,
33795,R,,,,,,,
34667,R,,,,,,,
38554,R,,,,,,,
39303,F,,,,,,,
39867,R,,,,,,,
41231,R,,,,,,,
41307,F,,,,,,,
43009,R,,,,,,,
43410,R,,,,,,,
43622,R,,,,,,,
43672,F,,,,,,,
45649,R,,,,,,,
45660,F,,,,,,,
47084,R,,,,,,,
48718,R,,,,,,,
49027,R,,,,,,,
50563,F,,,,,,,
50791,R,,,,,,,
51783,R,,,,,,,
51981,F,,,,,,,
52697,R,,,,,,,
52716,F,,,,,,,
52810,F,,,,,,,
56835,F,,,,,,,
58117,F,,,,,,,
59572,R,,,,,,,
60083,F,,,,,,,
60136,F,,,,,,,
63565,R,,,,,,,
63872,F,,,,,,,
65305,R,,,,,,,
65538,R,,,,,,,
67728,F,,,,,,,
68420,F,,,,,,,
68533,F,,,,,,,
68633,R,,,,,,,
68780,R,,,,,,,
69435,F,,,,,,,
72958,F,,,,,,,
73399,F,,,,,,,
74189,F,,,,,,,
78734,F,,,,,,,
79125,F,,,,,,,
79314,R,,,,,,,
80240,F,,,,,,,
80341,R,,,,,,,
80403,R,,,,,,,
80624,F,,,,,,,
83196,F,,,,,,,
83251,F,,,,,,,
84005,F,,,,,,,
84563,F,,,,,,,
85563,R,,,,,,,
88004,R,,,,,,,
88014,F,,,,,,,
88166,F,,,,,,,
88712,F,,,,,,,
89158,R,,,,,,,
89278,F,,,,,,,
92827,F,,,,,,,
94550,F,,,,,,,
96654,F,,,,,,,
96981,F,,,,,,,
98962,F,,,,,,,
101096,F,,,,,,,
106954,F,,,,,,,
107724,R,,,,,,,
110206,F,,,,,,,
110563,R,,,,,,,
112895,R,,,,,,,
116087,R,,,,,,,
117714,F,,,,,,,
118097,R,,,,,,,
118252,F,,,,,,,
119226,F,,,,,,,
120299,R,,,,,,,
122199,R,,,,,,,
127491,R,,,,,,,
131130,R,,,,,,,
131340,F,,,,,,,
132915,F,,,,,,,
133845,F,,,,,,,
134981,R,,,,,,,
135809,R,,,,,,,
136141,F,,,,,,,
137696,R,,,,,,,
138605,R,,,,,,,
139704,F,,,,,,,
140477,R,,,,,,,
140959,F,,,,,,,
141054,R,,,,,,,
141057,F,,,,,,,
141781,F,,,,,,,
142313,F,,,,,,,
143876,R,,,,,,,
147828,R,,,,,,,
148342,R,,,,,,,
148635,F,,,,,,,
152323,F,,,,,,,
152814,F,,,,,,,
154064,R,,,,,,,
154705,F,,,,,,,
155741,F,,,,,,,
156252,F,,,,,,,
157655,R,,,,,,,
160277,F,,,,,,,
160869,F,,,,,,,
161395,F,,,,,,,
161768,F,,,,,,,
163185,R,,,,,,,
163308,F,,,,,,,
164388,R,,,,,,,
165271,R,,,,,,,
165294,F,,,,,,,
166663,R,,,,,,,
167105,F,,,,,,,
167572,F,,,,,,,
167684,R,,,,,,,
169305,R,,,,,,,
169306,F,,,,,,,
169343,R,,,,,,,
170485,F,,,,,,,
170809,R,,,,,,,
171212,F,,,,,,,
173231,F,,,,,,,
175373,F,,,,,,,
175681,F,,,,,,,
177341,R,,,,,,,
177602,R,,,,,,,
183210,R,,,,,,,
183576,R,,,,,,,
186620,R,,,,,,,
186651,R,,,,,,,
187511,F,,,,,,,
188119,R,,,,,,,
190775,R,,,,,,,
193671,F,,,,,,,
194917,F,,,,,,,
194931,R,,,,,,,
196285,R,,,,,,,
196735,F,,,,,,,
196925,R,,,,,,,
197084,R,,,,,,,
199505,R,,,,,,,
200275,R,,,,,,,
200429,F,,,,,,,
200582,F,,,,,,,
201027,R,,,,,,,
201675,R,,,,,,,
202828,R,,,,,,,
205224,F,,,,,,,
206060,F,,,,,,,
206608,F,,,,,,,
207171,F,,,,,,,
208324,F,,,,,,,
208618,F,,,,,,,
208759,F,,,,,,,
209447,R,,,,,,,
210092,R,,,,,,,
210817,R,,,,,,,
211325,F,,,,,,,
211437,R,,,,,,,
214026,R,,,,,,,
214579,R,,,,,,,
218015,F,,,,,,,
218095,R,,,,,,,
218392,F,,,,,,,
218610,R,,,,,,,
218711,F,,,,,,,
219158,F,,,,,,,
219429,F,,,,,,,
219503,F,,,,,,,
219551,F,,,,,,,
219690,F,,,,,,,
219745,R,,,,,,,
220055,R,,,,,,,
221723,R,,,,,,,
221819,F,,,,,,,
222224,F,,,,,,,
222392,R,,,,,,,
223580,F,,,,,,,
223597,R,,,,,,,
225018,R,,,,,,,
226996,R,,,,,,,
229717,R,,,,,,,
230613,F,,,,,,,
235589,F,,,,,,,
235662,R,,,,,,,
236507,R,,,,,,,
236550,F,,,,,,,
236681,R,,,,,,,
238559,R,,,,,,,
238897,R,,,,,,,
241335,R,,,,,,,
243216,R,,,,,,,
243384,F,,,,,,,
247283,F,,,,,,,
247525,R,,,,,,,
248115,R,,,,,,,
248471,R,,,,,,,
248888,R,,,,,,,
249020,F,,,,,,,
251673,F,,,,,,,
254666,R,,,,,,,
254857,F,,,,,,,
257562,F,,,,,,,
258903,F,,,,,,,
261421,R,,,,,,,
261524,F,,,,,,,
262480,R,,,,,,,
262812,F,,,,,,,
264894,F,,,,,,,
265497,R,,,,,,,
266538,F,,,,,,,
266659,F,,,,,,,
267702,F,,,,,,,
268662,F,,,,,,,
274397,F,,,,,,,
274904,R,,,,,,,
277453,R,,,,,,,
277876,F,,,,,,,
279387,F,,,,,,,
285210,F,,,,,,,
286795,R,,,,,,,
286897,R,,,,,,,
287111,R,,,,,,,
287118,F,,,,,,,
288394,F,,,,,,,
289087,F,,,,,,,
292086,R,,,,,,,
292134,F,,,,,,,
293604,F,,,,,,,
293815,R,,,,,,,
295685,F,,,,,,,
295712,R,,,,,,,
295966,F,,,,,,,
296394,R,,,,,,,
296432,R,,,,,,,
297375,F,,,,,,,
297520,F,,,,,,,
298146,R,,,,,,,
298918,F,,,,,,,
299960,F,,,,,,,
300599,R,,,,,,,
301301,R,,,,,,,
302035,F,,,,,,,
302068,R,,,,,,,
302078,F,,,,,,,
302710,R,,,,,,,
302853,F,,,,,,,
303458,F,,,,,,,
307974,F,,,,,,,
308767,F,,,,,,,
309839,R,,,,,,,
309855,F,,,,,,,
310264,R,,,,,,,
310749,R,,,,,,,
311301,R,,,,,,,
311316,F,,,,,,,
311473,F,,,,,,,
314871,R,,,,,,,
314908,R,,,,,,,
316436,R,,,,,,,
317949,R,,,,,,,
318001,R,,,,,,,
318133,R,,,,,,,
321477,F,,,,,,,
323020,F,,,,,,,
323301,R,,,,,,,
323317,F,,,,,,,
324522,R,,,,,,,
324567,F,,,,,,,
328499,R,,,,,,,
329102,F,,,,,,,
330374,F,,,,,,,
331693,R,,,,,,,
331705,F,,,,,,,
331870,F,,,,,,,
333420,R,,,,,,,
339322,F,,,,,,,
340045,R,,,,,,,
340998,F,,,,,,,
341808,F,,,,,,,
341980,F,,,,,,,
342006,R,,,,,,,
345149,R,,,,,,,
345432,F,,,,,,,
347509,R,,,,,,,
349540,R,,,,,,,
358074,R,,,,,,,
358113,R,,,,,,,
358136,F,,,,,,,
359748,R,,,,,,,
360090,R,,,,,,,
360889,F,,,,,,,
361198,R,,,,,,,
361211,F,,,,,,,
361262,F,,,,,,,
362892,F,,,,,,,
363243,F,,,,,,,
363826,F,,,,,,,
364523,F,,,,,,,
367714,F,,,,,,,
369131,R,,,,,,,
369141,F,,,,,,,
372897,F,,,,,,,
374344,F,,,,,,,
375746,R,,,,,,,
375758,F,,,,,,,
377055,R,,,,,,,
377113,F,,,,,,,
377928,F,,,,,,,
378104,F,,,,,,,
378593,R,,,,,,,
379172,F,,,,,,,
380521,F,,,,,,,
382470,F,,,,,,,
382887,F,,,,,,,
383530,R,,,,,,,
383588,R,,,,,,,
385967,R,,,,,,,
386274,R,,,,,,,
386307,F,,,,,,,
387073,R,,,,,,,
388838,R,,,,,,,
390342,F,,,,,,,
391312,F,,,,,,,
391320,R,,,,,,,
396168,F,,,,,,,
396284,R,,,,,,,
397472,F,,,,,,,
398254,F,,,,,,,
399291,F,,,,,,,
399550,F,,,,,,,
400168,F,,,,,,,
401305,R,,,,,,,
402908,R,,,,,,,
405887,R,,,,,,,
408465,R,,,,,,,
408595,F,,,,,,,
409309,F,,,,,,,
409680,F,,,,,,,
410874,F,,,,,,,
412280,R,,,,,,,
412695,F,,,,,,,
414969,R,,,,,,,
415044,F,,,,,,,
417027,R,,,,,,,
418585,R,,,,,,,
418842,F,,,,,,,
418889,R,,,,,,,
419713,F,,,,,,,
419783,R,,,,,,,
420925,R,,,,,,,
421430,R,,,,,,,
422404,F,,,,,,,
423881,F,,,,,,,
424788,F,,,,,,,
427929,R,,,,,,,
427997,F,,,,,,,
431506,F,,,,,,,
434762,R,,,,,,,
434969,F,,,,,,,
436185,F,,,,,,,
438715,R,,,,,,,
438790,F,,,,,,,
442325,R,,,,,,,
442394,F,,,,,,,
442926,F,,,,,,,
445259,R,,,,,,,
450017,R,,,,,,,
454421,F,,,,,,,
455975,F,,,,,,,
456079,F,,,,,,,
458917,F,,,,,,,
459317,R,,,,,,,
462133,F,,,,,,,
462673,F,,,,,,,
468245,R,,,,,,,
468295,F,,,,,,,
469591,F,,,,,,,
472669,R,,,,,,,
474373,R,,,,,,,
475744,F,,,,,,,
476357,F,,,,,,,
479753,R,,,,,,,
480908,F,,,,,,,
482269,R,,,,,,,
482285,F,,,,,,,
482930,F,,,,,,,
483277,F,,,,,,,
483754,F,,,,,,,
483828,F,,,,,,,
484088,R,,,,,,,
484475,R,,,,,,,
484496,F,,,,,,,
484950,R,,,,,,,
485096,R,,,,,,,
486975,F,,,,,,,
490645,R,,,,,,,
490783,F,,,,,,,
490793,R,,,,,,,
494746,F,,,,,,,
495002,R,,,,,,,
498504,F,,,,,,,
499663,R,,,,,,,
501049,F,,,,,,,
502748,R,,,,,,,
505051,F,,,,,,,
505467,F,,,,,,,
506551,R,,,,,,,
510322,R,,,,,,,
510430,R,,,,,,,
510568,R,,,,,,,
513197,R,,,,,,,
514816,F,,,,,,,
515932,R,,,,,,,
518396,R,,,,,,,
518644,R,,,,,,,
518659,F,,,,,,,
518703,F,,,,,,,
519093,F,,,,,,,
519576,R,,,,,,,
519600,F,,,,,,,
520990,F,,,,,,,
524844,R,,,,,,,
526142,F,,,,,,,
528425,F,,,,,,,
530487,F,,,,,,,
530724,R,,,,,,,
532308,R,,,,,,,
532396,F,,,,,,,
532755,F,,,,,,,
534397,R,,,,,,,
535480,R,,,,,,,
535636,R,,,,,,,
536607,F,,,,,,,
541223,F,,,,,,,
542015,R,,,,,,,
542067,R,,,,,,,
542096,R,,,,,,,
544655,R,,,,,,,
544726,R,,,,,,,
545114,R,,,,,,,
545226,R,,,,,,,
545447,R,,,,,,,
545821,R,,,,,,,
546831,R,,,,,,,
547481,R,,,,,,,
549110,F,,,,,,,
549641,F,,,,,,,
549683,F,,,,,,,
551831,R,,,,,,,
552205,R,,,,,,,
552321,F,,,,,,,
552614,F,,,,,,,
552984,F,,,,,,,
554325,F,,,,,,,
555117,R,,,,,,,
556306,R,,,,,,,
557436,F,,,,,,,
559254,R,,,,,,,
559750,R,,,,,,,
559862,F,,,,,,,
560851,R,,,,,,,
561787,R,,,,,,,
562713,R,,,,,,,
563452,R,,,,,,,
563567,F,,,,,,,
564987,F,,,,,,,
566484,F,,,,,,,
566840,F,,,,,,,
568353,F,,,,,,,
568967,R,,,,,,,
571749,F,,,,,,,
573837,F,,,,,,,
575357,F,,,,,,,
578426,F,,,,,,,
579290,F,,,,,,,
579349,F,,,,,,,
584682,R,,,,,,,
586218,R,,,,,,,
586720,F,,,,,,,
589897,F,,,,,,,
590803,R,,,,,,,
591022,R,,,,,,,
591041,F,,,,,,,
591108,F,,,,,,,
591447,F,,,,,,,
591654,F,,,,,,,
592279,R,,,,,,,
592713,F,,,,,,,
593126,R,,,,,,,
593397,F,,,,,,,
593866,R,,,,,,,
594780,R,,,,,,,
596626,F,,,,,,,
596642,R,,,,,,,
596655,F,,,,,,,
596679,R,,,,,,,
600397,F,,,,,,,
601330,R,,,,,,,
602294,F,,,,,,,
604598,F,,,,,,,
605488,F,,,,,,,
606527,F,,,,,,,
607664,R,,,,,,,
608132,R,,,,,,,
608158,R,,,,,,,
608206,R,,,,,,,
608588,R,,,,,,,
608716,F,,,,,,,
609827,F,,,,,,,
610117,F,,,,,,,
610213,R,,,,,,,
611069,R,,,,,,,
612908,F,,,,,,,
613321,R,,,,,,,
614032,R,,,,,,,
616264,R,,,,,,,
621286,F,,,,,,,
622160,R,,,,,,,
622295,R,,,,,,,
624624,R,,,,,,,
626441,F,,,,,,,
627690,F,,,,,,,
629935,F,,,,,,,
630390,R,,,,,,,
631939,R,,,,,,,
637540,R,,,,,,,
638388,R,,,,,,,
639979,R,,,,,,,
640856,R,,,,,,,
642811,R,,,,,,,
642870,F,,,,,,,
643579,R,,,,,,,
644400,F,,,,,,,
648863,F,,,,,,,
649689,F,,,,,,,
650745,R,,,,,,,
650910,R,,,,,,,
651712,R,,,,,,,
653837,F,,,,,,,
654256,F,,,,,,,
654888,F,,,,,,,
655949,R,,,,,,,
656457,F,,,,,,,
658387,F,,,,,,,
659048,R,,,,,,,
659449,F,,,,,,,
660982,F,,,,,,,
661492,F,,,,,,,
661540,R,,,,,,,
664818,R,,,,,,,
664912,R,,,,,,,
665817,R,,,,,,,
667697,R,,,,,,,
668453,R,,,,,,,
668459,F,,,,,,,
669837,F,,,,,,,
671158,R,,,,,,,
672026,R,,,,,,,
676032,R,,,,,,,
676055,F,,,,,,,
676238,F,,,,,,,
676472,F,,,,,,,
677616,R,,,,,,,
677710,F,,,,,,,
678583,F,,,,,,,
678894,F,,,,,,,
679145,R,,,,,,,
680214,F,,,,,,,
680493,R,,,,,,,
681662,F,,,,,,,
682523,R,,,,,,,
682742,R,,,,,,,
684410,F,,,,,,,
685936,F,,,,,,,
688223,R,,,,,,,
689239,F,,,,,,,
692504,R,,,,,,,
693858,F,,,,,,,
694066,F,,,,,,,
695484,F,,,,,,,
695485,R,,,,,,,
696336,F,,,,,,,
697800,R,,,,,,,
701430,F,,,,,,,
704521,R,,,,,,,
704900,R,,,,,,,
706075,F,,,,,,,
706244,R,,,,,,,
710782,F,,,,,,,
711385,R,,,,,,,
714190,F,,,,,,,
715932,R,,,,,,,
717814,F,,,,,,,
717896,R,,,,,,,
718025,F,,,,,,,
719912,R,,,,,,,
720014,R,,,,,,,
724228,F,,,,,,,
728527,F,,,,,,,
729278,R,,,,,,,
729340,F,,,,,,,
731033,R,,,,,,,
731152,F,,,,,,,
731178,R,,,,,,,
731225,F,,,,,,,
731454,F,,,,,,,
731494,F,,,,,,,
731518,R,,,,,,,
732632,R,,,,,,,
733362,F,,,,,,,
734104,F,,,,,,,
736715,F,,,,,,,
737259,R,,,,,,,
737681,R,,,,,,,
738190,R,,,,,,,
739242,R,,,,,,,
740177,F,,,,,,,
742497,R,,,,,,,
748059,F,,,,,,,
749967,F,,,,,,,
750415,F,,,,,,,
751534,F,,,,,,,
752490,F,,,,,,,
752533,R,,,,,,,
753640,F,,,,,,,
753643,R,,,,,,,
754409,R,,,,,,,
755231,R,,,,,,,
756115,F,,,,,,,
756767,F,,,,,,,
757167,R,,,,,,,
758636,R,,,,,,,
759479,F,,,,,,,
759591,F,,,,,,,
760709,F,,,,,,,
760743,F,,,,,,,
767111,F,,,,,,,
769434,F,,,,,,,
769673,R,,,,,,,
769792,F,,,,,,,
770582,F,,,,,,,
771484,F,,,,,,,
777644,R,,,,,,,
778600,R,,,,,,,
778967,R,,,,,,,
778988,F,,,,,,,
779112,F,,,,,,,
780472,R,,,,,,,
781375,F,,,,,,,
782593,F,,,,,,,
784718,R,,,,,,,
784748,F,,,,,,,
786120,F,,,,,,,
787045,R,,,,,,,
787952,F,,,,,,,
788637,R,,,,,,,
788936,R,,,,,,,
788940,F,,,,,,,
791272,R,,,,,,,
791696,R,,,,,,,
791713,F,,,,,,,
793652,F,,,,,,,
794160,R,,,,,,,
794739,F,,,,,,,
798673,F,,,,,,,
799009,R,,,,,,,
799217,R,,,,,,,
800193,R,,,,,,,
800203,F,,,,,,,
806032,F,,,,,,,
806281,R,,,,,,,
806299,F,,,,,,,
806736,R,,,,,,,
806755,F,,,,,,,
808746,F,,,,,,,
809437,R,,,,,,,
809893,F,,,,,,,
810315,F,,,,,,,
811228,F,,,,,,,
811272,F,,,,,,,
813619,F,,,,,,,
815728,F,,,,,,,
816467,R,,,,,,,
816832,F,,,,,,,
818510,R,,,,,,,
819692,F,,,,,,,
820270,F,,,,,,,
822908,F,,,,,,,
825193,F,,,,,,,
827421,F,,,,,,,
828227,R,,,,,,,
830024,F,,,,,,,
830032,R,,,,,,,
831539,F,,,,,,,
831994,R,,,,,,,
832425,F,,,,,,,
834946,R,,,,,,,
838375,F,,,,,,,
840947,F,,,,,,,
841919,R,,,,,,,
842029,F,,,,,,,
845993,R,,,,,,,
850073,R,,,,,,,
850507,R,,,,,,,
850522,F,,,,,,,
850713,R,,,,,,,
850849,R,,,,,,,
851548,F,,,,,,,
851607,F,,,,,,,
851739,R,,,,,,,
852061,F,,,,,,,
852612,F,,,,,,,
855408,F,,,,,,,
856768,F,,,,,,,
860003,F,,,,,,,
860710,R,,,,,,,
860869,F,,,,,,,
864812,F,,,,,,,
866211,F,,,,,,,
867058,F,,,,,,,
867158,F,,,,,,,
868280,F,,,,,,,
868339,R,,,,,,,
869992,F,,,,,,,
870913,R,,,,,,,
872102,R,,,,,,,
873085,F,,,,,,,
873343,F,,,,,,,
874164,R,,,,,,,
874184,F,,,,,,,
874214,F,,,,,,,
874552,F,,,,,,,
877432,F,,,,,,,
877470,F,,,,,,,
878428,R,,,,,,,
879359,F,,,,,,,
881713,R,,,,,,,
882387,R,,,,,,,
883131,F,,,,,,,
883273,F,,,,,,,
883924,R,,,,,,,
884868,F,,,,,,,
885907,F,,,,,,,
886080,F,,,,,,,
886879,R,,,,,,,
888645,F,,,,,,,
888662,R,,,,,,,
890009,R,,,,,,,
890314,F,,,,,,,
890999,R,,,,,,,
891738,F,,,,,,,
891914,F,,,,,,,
894631,F,,,,,,,
895518,R,,,,,,,
895781,F,,,,,,,
898791,F,,,,,,,
898848,F,,,,,,,
898900,F,,,,,,,
899064,F,,,,,,,
900043,F,,,,,,,
901164,R,,,,,,,
901432,R,,,,,,,
901635,F,,,,,,,
902130,F,,,,,,,
903374,R,,,,,,,
903433,F,,,,,,,
903724,F,,,,,,,
904208,R,,,,,,,
905163,R,,,,,,,
906403,F,,,,,,,
908113,R,,,,,,,
909453,F,,,,,,,
909581,R,,,,,,,
910032,F,,,,,,,
910906,F,,,,,,,
910938,F,,,,,,,
911019,F,,,,,,,
913643,F,,,,,,,
914199,R,,,,,,,
916423,R,,,,,,,
917866,R,,,,,,,
917925,R,,,,,,,
918780,R,,,,,,,
919575,F,,,,,,,
919635,R,,,,,,,
921133,R,,,,,,,
921933,F,,,,,,,
921963,R,,,,,,,
922337,R,,,,,,,
922975,R,,,,,,,
923583,F,,,,,,,
923711,R,,,,,,,
923879,R,,,,,,,
923935,F,,,,,,,
924113,F,,,,,,,
924288,F,,,,,,,
924874,F,,,,,,,
930544,F,,,,,,,
930792,F,,,,,,,
932150,R,,,,,,,
932199,F,,,,,,,
934031,R,,,,,,,
934720,F,,,,,,,
935551,F,,,,,,,
937343,R,,,,,,,
938053,R,,,,,,,
938239,R,,,,,,,
938579,F,,,,,,,
938662,F,,,,,,,
939939,R,,,,,,,
941120,R,,,,,,,
941678,F,,,,,,,
942148,R,,,,,,,
942977,F,,,,,,,
943076,R,,,,,,,
944328,F,,,,,,,
946082,F,,,,,,,
946538,F,,,,,,,
946690,R,,,,,,,
948468,R,,,,,,,
950613,F,,,,,,,
951118,R,,,,,,,
951183,F,,,,,,,
952769,F,,,,,,,
953277,F,,,,,,,
955011,F,,,,,,,
958932,F,,,,,,,
960333,R,,,,,,,
962613,R,,,,,,,
962680,F,,,,,,,
965463,R,,,,,,,
965985,F,,,,,,,
967748,R,,,,,,,
967818,F,,,,,,,
969742,R,,,,,,,
970284,R,,,,,,,
970455,F,,,,,,,
975287,R,,,,,,,
975970,R,,,,,,,
976054,F,,,,,,,
977078,F,,,,,,,
978917,F,,,,,,,
981311,R,,,,,,,
982554,R,,,,,,,
982639,F,,,,,,,
982723,F,,,,,,,
983174,F,,,,,,,
983337,F,,,,,,,
983651,R,,,,,,,
986023,R,,,,,,,
987051,F,,,,,,,
987107,R,,,,,,,
987161,R,,,,,,,
987760,R,,,,,,,
987951,R,,,,,,,
988276,R,,,,,,,
989861,R,,,,,,,
990543,F,,,,,,,
991510,R,,,,,,,
992905,R,,,,,,,
993319,R,,,,,,,
993446,R,,,,,,,
993739,R,,,,,,,
993801,F,,,,,,,
994094,R,,,,,,,
996447,F,,,,,,,
997710,R,,,,,,,
999424,F,,,,,,,
1000142,R,,,,,,,
1002704,R,,,,,,,
1002867,R,,,,,,,
1005434,F,,,,,,,
1006553,R,,,,,,,
1006734,F,,,,,,,
1010189,R,,,,,,,
1011200,F,,,,,,,
1014636,R,,,,,,,
1014656,F,,,,,,,
1016236,F,,,,,,,
1016504,R,,,,,,,
1017578,R,,,,,,,
1019965,R,,,,,,,
1019983,F,,,,,,,
1021685,R,,,,,,,
1022997,F,,,,,,,
1024400,F,,,,,,,
1025203,R,,,,,,,
1025393,R,,,,,,,
1025558,R,,,,,,,
1025739,R,,,,,,,
1027095,F,,,,,,,
1027278,R,,,,,,,
1027586,F,,,,,,,
1028244,F,,,,,,,
1028620,R,,,,,,,
1033303,R,,,,,,,
1039285,F,,,,,,,
1039376,R,,,,,,,
1039605,F,,,,,,,
1040547,R,,,,,,,
1040628,R,,,,,,,
1040645,F,,,,,,,
1040807,R,,,,,,,
1040989,R,,,,,,,
1041164,R,,,,,,,
1041264,F,,,,,,,
1042247,F,,,,,,,
1043876,R,,,,,,,
1046032,R,,,,,,,
1046136,F,,,,,,,
1049056,F,,,,,,,
1052607,R,,,,,,,
1053241,R,,,,,,,
1053924,F,,,,,,,
1056685,R,,,,,,,
1058093,R,,,,,,,
1058256,F,,,,,,,
1060050,F,,,,,,,
1061729,R,,,,,,,
1062261,R,,,,,,,
1064962,R,,,,,,,
1065075,F,,,,,,,
1065480,F,,,,,,,
1067482,R,,,,,,,
1067880,R,,,,,,,
1068745,R,,,,,,,
1069880,F,,,,,,,
1073304,R,,,,,,,
1073327,F,,,,,,,
1073951,R,,,,,,,
1074080,F,,,,,,,
1074233,R,,,,,,,
1077954,F,,,,,,,
1078545,F,,,,,,,
1083811,F,,,,,,,
1086189,R,,,,,,,
1086256,F,,,,,,,
1090328,F,,,,,,,
1092784,R,,,,,,,
1094817,F,,,,,,,
1096821,F,,,,,,,
1097282,F,,,,,,,
1097361,F,,,,,,,
1097551,R,,,,,,,
1097741,R,,,,,,,
1097924,R,,,,,,,
1098995,F,,,,,,,
1099027,F,,,,,,,
1099126,R,,,,,,,
1099255,R,,,,,,,
1099724,F,,,,,,,
1100405,F,,,,,,,
1100508,F,,,,,,,
1101432,R,,,,,,,
1106348,R,,,,,,,
1106708,F,,,,,,,
1108506,F,,,,,,,
1108530,R,,,,,,,
1110203,F,,,,,,,
1112146,F,,,,,,,
1112311,F,,,,,,,
1113321,F,,,,,,,
1113507,F,,,,,,,
1113861,F,,,,,,,
1113864,R,,,,,,,
1115209,R,,,,,,,
1117127,R,,,,,,,
1117185,F,,,,,,,
1117773,F,,,,,,,
1118033,F,,,,,,,
1122156,R,,,,,,,
1123589,F,,,,,,,
1124284,R,,,,,,,
1127876,F,,,,,,,
1127955,F,,,,,,,
1128045,R,,,,,,,
1131281,F,,,,,,,
1131585,F,,,,,,,
1132446,R,,,,,,,
1133458,F,,,,,,,
1134697,R,,,,,,,
1134714,F,,,,,,,
1135072,F,,,,,,,
1136515,R,,,,,,,
1136873,F,,,,,,,
1138124,R,,,,,,,
1138155,R,,,,,,,
1138247,F,,,,,,,
1138964,F,,,,,,,
1141712,F,,,,,,,
1142601,R,,,,,,,
1148251,R,,,,,,,
1149691,F,,,,,,,
1153409,R,,,,,,,
1155822,F,,,,,,,
1157048,F,,,,,,,
1158738,R,,,,,,,
1160357,F,,,,,,,
1160391,R,,,,,,,
1160434,R,,,,,,,
1160726,R,,,,,,,
1163697,F,,,,,,,
1165383,R,,,,,,,
1165499,R,,,,,,,
1166911,R,,,,,,,
1167092,F,,,,,,,
1169215,R,,,,,,,
1169280,R,,,,,,,
1169429,R,,,,,,,
1170314,F,,,,,,,
1170661,R,,,,,,,
1171126,F,,,,,,,
1172054,R,,,,,,,
1172386,F,,,,,,,
1175124,F,,,,,,,
1175519,R,,,,,,,
1175658,F,,,,,,,
1176107,F,,,,,,,
1176266,F,,,,,,,
1176400,F,,,,,,,
1176566,F,,,,,,,
1177206,F,,,,,,,
1178121,R,,,,,,,
1179215,F,,,,,,,
1182397,F,,,,,,,
1183869,R,,,,,,,
1187351,F,,,,,,,
1193232,R,,,,,,,
1194546,R,,,,,,,
1195161,F,,,,,,,
1196175,F,,,,,,,
1196235,F,,,,,,,
1196497,F,,,,,,,
1196677,F,,,,,,,
1196929,F,,,,,,,
1196977,F,,,,,,,
1197082,F,,,,,,,
1197118,F,,,,,,,
1197585,F,,,,,,,
1198525,R,,,,,,,
1200382,R,,,,,,,
1200676,F,,,,,,,
1201717,F,,,,,,,
1203268,R,,,,,,,
1205448,R,,,,,,,
1205780,R,,,,,,,
1205962,R,,,,,,,
1206016,R,,,,,,,
1206458,R,,,,,,,
1206478,F,,,,,,,
1210593,F,,,,,,,
1211517,F,,,,,,,
1214232,R,,,,,,,
1219047,F,,,,,,,
1220487,R,,,,,,,
1220538,F,,,,,,,
1220998,F,,,,,,,
1221959,F,,,,,,,
1222844,F,,,,,,,
1223986,F,,,,,,,
1224385,F,,,,,,,
1225722,R,,,,,,,
1225918,F,,,,,,,
1228740,F,,,,,,,
1229557,R,,,,,,,
1231208,R,,,,,,,
1231301,F,,,,,,,
1232314,R,,,,,,,
1232713,R,,,,,,,
1233025,F,,,,,,,
1233944,R,,,,,,,
1233968,F,,,,,,,
1236095,R,,,,,,,
1236161,R,,,,,,,
1236184,F,,,,,,,
1236782,F,,,,,,,
1238192,R,,,,,,,
1238253,F,,,,,,,
1239382,F,,,,,,,
1241403,R,,,,,,,
1241590,R,,,,,,,
1241603,F,,,,,,,
1241632,F,,,,,,,
1243671,F,,,,,,,
1249631,F,,,,,,,
1251410,R,,,,,,,
1251847,F,,,,,,,
1252027,R,,,,,,,
1252972,R,,,,,,,
1254510,R,,,,,,,
1254630,F,,,,,,,
1255877,F,,,,,,,
1255974,F,,,,,,,
1261711,R,,,,,,,
1266930,F,,,,,,,
1267030,R,,,,,,,
1267053,F,,,,,,,
1267112,R,,,,,,,
1267276,F,,,,,,,
1269009,R,,,,,,,
1269958,R,,,,,,,
1272074,R,,,,,,,
1272168,R,,,,,,,
1272341,R,,,,,,,
1272360,F,,,,,,,
1275955,R,,,,,,,
1275993,R,,,,,,,
1276012,F,,,,,,,
1276510,F,,,,,,,
1276787,F,,,,,,,
1277664,R,,,,,,,
1277722,F,,,,,,,
1277893,F,,,,,,,
1278009,F,,,,,,,
1279617,R,,,,,,,
1279655,F,,,,,,,
1281373,R,,,,,,,
1281429,F,,,,,,,
1281569,F,,,,,,,
1282030,F,,,,,,,
1282306,F,,,,,,,
1284890,R,,,,,,,
1285047,F,,,,,,,
1286568,R,,,,,,,
1286594,F,,,,,,,
1287124,F,,,,,,,
1287584,F,,,,,,,
1287737,F,,,,,,,
1287812,F,,,,,,,
1288459,F,,,,,,,
1288569,F,,,,,,,
1289383,F,,,,,,,
1289526,R,,,,,,,
1289632,F,,,,,,,
1291217,F,,,,,,,
1292095,R,,,,,,,
1293805,F,,,,,,,
1298692,R,,,,,,,
1298965,R,,,,,,,
1299705,R,,,,,,,
1299766,F,,,,,,,
1300219,R,,,,,,,
1300739,F,,,,,,,
1301226,F,,,,,,,
1302747,R,,,,,,,
1302855,F,,,,,,,
1302892,R,,,,,,,
1303740,R,,,,,,,
1305089,R,,,,,,,
1306011,R,,,,,,,
1306073,R,,,,,,,
1306192,R,,,,,,,
1306765,R,,,,,,,
1306782,F,,,,,,,
1308792,R,,,,,,,
1308908,F,,,,,,,
1309006,R,,,,,,,
1311794,F,,,,,,,
1313301,R,,,,,,,
1313451,R,,,,,,,
1313546,R,,,,,,,
1313565,F,,,,,,,
1313617,F,,,,,,,
1313627,R,,,,,,,
1314050,F,,,,,,,
1315254,F,,,,,,,
1316318,F,,,,,,,
1316633,F,,,,,,,
1319271,F,,,,,,,
1321256,R,,,,,,,
1321295,F,,,,,,,
1321893,R,,,,,,,
1323203,F,,,,,,,
1323338,F,,,,,,,
1324538,F,,,,,,,
1325688,R,,,,,,,
1326553,F,,,,,,,
1326894,F,,,,,,,
1327513,R,,,,,,,
1327531,F,,,,,,,
1329390,F,,,,,,,
1330320,F,,,,,,,
1330466,F,,,,,,,
1332176,F,,,,,,,
1334912,R,,,,,,,
1334938,F,,,,,,,
1337511,R,,,,,,,
1338205,R,,,,,,,
1338513,R,,,,,,,
1338556,R,,,,,,,
1338563,F,,,,,,,
1338701,F,,,,,,,
1338890,F,,,,,,,
1338950,R,,,,,,,
1340983,F,,,,,,,
1341108,F,,,,,,,
1341367,F,,,,,,,
1341714,R,,,,,,,
1342597,F,,,,,,,
1342844,R,,,,,,,
1342874,F,,,,,,,
1342979,R,,,,,,,
1343735,F,,,,,,,
1344911,R,,,,,,,
1345260,F,,,,,,,
1345594,F,,,,,,,
1348673,R,,,,,,,
1348727,R,,,,,,,
1348979,R,,,,,,,
1351746,F,,,,,,,
1353157,F,,,,,,,
1353422,F,,,,,,,
1354193,F,,,,,,,
1355836,F,,,,,,,
1356182,R,,,,,,,
1359158,F,,,,,,,
1359463,F,,,,,,,
1363361,R,,,,,,,
1364177,R,,,,,,,
1364356,F,,,,,,,
1364412,F,,,,,,,
1364476,F,,,,,,,
1364923,F,,,,,,,
1365309,F,,,,,,,
1365506,F,,,,,,,
1365891,F,,,,,,,
1367019,R,,,,,,,
1367472,F,,,,,,,
1371225,R,,,,,,,
1371496,R,,,,,,,
1371766,R,,,,,,,
1372454,F,,,,,,,
1372923,R,,,,,,,
1374271,R,,,,,,,
1374605,F,,,,,,,
1376168,R,,,,,,,
1376220,R,,,,,,,
1376975,F,,,,,,,
1380207,R,,,,,,,
1380395,R,,,,,,,
1380839,F,,,,,,,
1382089,R,,,,,,,
1383079,R,,,,,,,
1388423,F,,,,,,,
1388646,F,,,,,,,
1388652,R,,,,,,,
1389244,R,,,,,,,
1390145,R,,,,,,,
1392354,F,,,,,,,
1393417,R,,,,,,,
1394003,R,,,,,,,
1395003,R,,,,,,,
1395172,F,,,,,,,
1399967,F,,,,,,,
1400389,R,,,,,,,
1400406,F,,,,,,,
1401523,F,,,,,,,
1408185,F,,,,,,,
1409933,R,,,,,,,
1410372,R,,,,,,,
1411992,F,,,,,,,
1413225,R,,,,,,,
1413371,F,,,,,,,
1415865,R,,,,,,,
1415937,R,,,,,,,
1417397,F,,,,,,,
1419614,F,,,,,,,
1419776,R,,,,,,,
1420033,F,,,,,,,
1420286,F,,,,,,,
1420398,F,,,,,,,
1422397,R,,,,,,,
1424026,F,,,,,,,
1424050,R,,,,,,,
1424172,F,,,,,,,
1424217,F,,,,,,,
1426234,F,,,,,,,
1427492,F,,,,,,,
1430380,F,,,,,,,
1430900,R,,,,,,,
1432740,F,,,,,,,
1432753,R,,,,,,,
1433533,R,,,,,,,
1434087,R,,,,,,,
1434967,F,,,,,,,
1435067,F,,,,,,,
1435355,R,,,,,,,
1436550,F,,,,,,,
1437137,R,,,,,,,
1437271,F,,,,,,,
1437612,F,,,,,,,
1437914,F,,,,,,,
1440073,R,,,,,,,
1440805,F,,,,,,,
1442773,F,,,,,,,
1444853,R,,,,,,,
1445417,R,,,,,,,
1446292,R,,,,,,,
1446377,F,,,,,,,
1446688,F,,,,,,,
1448880,F,,,,,,,
1449177,F,,,,,,,
1450845,F,,,,,,,
1453006,F,,,,,,,
1453900,F,,,,,,,
1455094,F,,,,,,,
1455283,R,,,,,,,
1456756,F,,,,,,,
1457124,F,,,,,,,
1458313,F,,,,,,,
1459572,F,,,,,,,
1461657,F,,,,,,,
1464871,R,,,,,,,
1465275,F,,,,,,,
1466987,R,,,,,,,
1467019,R,,,,,,,
1467770,F,,,,,,,
1468135,F,,,,,,,
1469167,R,,,,,,,
1469500,F,,,,,,,
1469899,R,,,,,,,
1470252,R,,,,,,,
1470321,F,,,,,,,
1471580,F,,,,,,,
1471657,F,,,,,,,
1471701,F,,,,,,,
1471745,F,,,,,,,
1471846,F,,,,,,,
1473131,F,,,,,,,
1473220,F,,,,,,,
1473277,F,,,,,,,
1473316,F,,,,,,,
1473344,F,,,,,,,
1473385,F,,,,,,,
1473502,F,,,,,,,
1473542,F,,,,,,,
1473640,F,,,,,,,
1475925,F,,,,,,,
1476897,F,,,,,,,
1477393,F,,,,,,,
1479118,R,,,,,,,
1480355,F,,,,,,,
1480827,R,,,,,,,
1482504,R,,,,,,,
1482758,F,,,,,,,
1483037,F,,,,,,,
1483731,R,,,,,,,
1483749,F,,,,,,,
1484014,F,,,,,,,
1484220,R,,,,,,,
1484244,F,,,,,,,
1484387,R,,,,,,,
1485181,F,,,,,,,
1485355,R,,,,,,,
1485657,F,,,,,,,
1485768,R,,,,,,,
1485789,F,,,,,,,
1487161,F,,,,,,,
1490410,R,,,,,,,
1491063,F,,,,,,,
1491113,R,,,,,,,
1492198,F,,,,,,,
1494480,R,,,,,,,
1494554,F,,,,,,,
1495257,R,,,,,,,
1498890,R,,,,,,,
1500661,F,,,,,,,
1500833,F,,,,,,,
1501511,R,,,,,,,
1504330,F,,,,,,,
1504880,F,,,,,,,
1505968,F,,,,,,,
1506292,F,,,,,,,
1506321,F,,,,,,,
1507421,F,,,,,,,
1508923,R,,,,,,,
1509744,R,,,,,,,
1509781,R,,,,,,,
1510751,F,,,,,,,
1512293,F,,,,,,,
1512606,R,,,,,,,
1513532,F,,,,,,,
1515053,R,,,,,,,
1517491,F,,,,,,,
1518243,R,,,,,,,
1518726,F,,,,,,,
1519039,F,,,,,,,
1520802,R,,,,,,,
1521418,F,,,,,,,
1521838,F,,,,,,,
1522476,F,,,,,,,
1523837,F,,,,,,,
1524614,F,,,,,,,
1526061,F,,,,,,,
1526331,F,,,,,,,
1528335,R,,,,,,,
1529157,R,,,,,,,
1530759,R,,,,,,,
1530774,F,,,,,,,
1530871,F,,,,,,,
1531015,F,,,,,,,
1531328,F,,,,,,,
1531558,F,,,,,,,
1531745,F,,,,,,,
1531919,R,,,,,,,
1535184,R,,,,,,,
1535554,R,,,,,,,
1535577,F,,,,,,,
1537733,R,,,,,,,
1538240,R,,,,,,,
1539147,R,,,,,,,
1539173,F,,,,,,,
1540184,F,,,,,,,
1540719,R,,,,,,,
1540808,F,,,,,,,
1541004,F,,,,,,,
1542013,R,,,,,,,
1542318,F,,,,,,,
1543549,R,,,,,,,
1544131,F,,,,,,,
1545730,F,,,,,,,
1545862,R,,,,,,,
1545892,F,,,,,,,
1547129,F,,,,,,,
1548768,R,,,,,,,
1549175,F,,,,,,,
1551217,R,,,,,,,
1551320,R,,,,,,,
1555773,F,,,,,,,
1557651,R,,,,,,,
1561403,F,,,,,,,
1564119,F,,,,,,,
1564412,F,,,,,,,
1565001,F,,,,,,,
1566511,F,,,,,,,
1566794,F,,,,,,,
1567427,F,,,,,,,
1568170,F,,,,,,,
1569022,F,,,,,,,
1569911,R,,,,,,,
1570635,R,,,,,,,
1570969,R,,,,,,,
1574688,R,,,,,,,
1574769,R,,,,,,,
1575809,R,,,,,,,
1576747,F,,,,,,,
1576796,R,,,,,,,
1579551,F,,,,,,,
1579633,F,,,,,,,
1580313,F,,,,,,,
1580472,R,,,,,,,
1580533,F,,,,,,,
1581021,F,,,,,,,
1582083,R,,,,,,,
1584508,F,,,,,,,
1586716,R,,,,,,,
1588482,R,,,,,,,
1588567,F,,,,,,,
1590348,F,,,,,,,
1591467,F,,,,,,,
1592639,F,,,,,,,
1593502,F,,,,,,,
1595770,F,,,,,,,
1596483,F,,,,,,,
1596710,F,,,,,,,
1599585,R,,,,,,,
1599658,F,,,,,,,
1599802,F,,,,,,,
1601964,R,,,,,,,
1604803,R,,,,,,,
1606253,F,,,,,,,
1608033,R,,,,,,,
1608050,F,,,,,,,
1609133,R,,,,,,,
1611403,F,,,,,,,
1611935,F,,,,,,,
1611996,F,,,,,,,
1613045,R,,,,,,,
1613256,F,,,,,,,
1613878,F,,,,,,,
1616772,R,,,,,,,
1617031,F,,,,,,,
1617307,R,,,,,,,
1617837,F,,,,,,,
1622673,R,,,,,,,
1623494,F,,,,,,,
1623688,R,,,,,,,
1628897,R,,,,,,,
1634885,F,,,,,,,
1634987,F,,,,,,,
1638225,F,,,,,,,
1639455,F,,,,,,,
1639664,R,,,,,,,
1639986,F,,,,,,,
1640172,R,,,,,,,
1640660,R,,,,,,,
1644051,R,,,,,,,
1644368,R,,,,,,,
1644987,R,,,,,,,
1645021,F,,,,,,,
1645725,R,,,,,,,
1646258,F,,,,,,,
1655536,R,,,,,,,
1656751,R,,,,,,,
1656924,F,,,,,,,
1658947,F,,,,,,,
1659397,R,,,,,,,
1659811,F,,,,,,,
1660086,R,,,,,,,
1660488,F,,,,,,,
1662359,F,,,,,,,
1666181,F,,,,,,,
1666920,F,,,,,,,
1667990,R,,,,,,,
1669138,F,,,,,,,
1669952,F,,,,,,,
1673396,F,,,,,,,
1676886,R,,,,,,,
1676941,F,,,,,,,
1677057,F,,,,,,,
1677535,F,,,,,,,
1678552,F,,,,,,,
1678641,R,,,,,,,
1680699,F,,,,,,,
1681857,F,,,,,,,
1681968,R,,,,,,,
1682094,F,,,,,,,
1685766,F,,,,,,,
1687941,F,,,,,,,
1690210,R,,,,,,,
1690390,R,,,,,,,
1690855,R,,,,,,,
1691874,R,,,,,,,
1692032,F,,,,,,,
1692456,R,,,,,,,
1692521,R,,,,,,,
1692646,F,,,,,,,
1693726,F,,,,,,,
1693964,R,,,,,,,
1694335,R,,,,,,,
1694804,F,,,,,,,
1696388,R,,,,,,,
1696628,R,,,,,,,
1696858,F,,,,,,,
1697806,R,,,,,,,
1697971,R,,,,,,,
1698117,F,,,,,,,
1699808,F,,,,,,,
1702925,R,,,,,,,
1703021,F,,,,,,,
1703266,F,,,,,,,
1707418,F,,,,,,,
1708781,R,,,,,,,
1709539,F,,,,,,,
1710696,F,,,,,,,
1711046,F,,,,,,,
1711164,R,,,,,,,
1711350,F,,,,,,,
1711567,F,,,,,,,
1712062,R,,,,,,,
1712308,F,,,,,,,
1713730,R,,,,,,,
1714362,R,,,,,,,
1717612,R,,,,,,,
1718088,R,,,,,,,
1718431,F,,,,,,,
1721140,F,,,,,,,
1721456,F,,,,,,,
1722293,F,,,,,,,
1725124,F,,,,,,,
1725381,R,,,,,,,
1725417,F,,,,,,,
1727209,F,,,,,,,
1728576,F,,,,,,,
1728877,R,,,,,,,
1729179,F,,,,,,,
1729492,F,,,,,,,
1730035,F,,,,,,,
1730551,F,,,,,,,
1731373,F,,,,,,,
1732567,R,,,,,,,
1732920,F,,,,,,,
1733555,R,,,,,,,
1733573,F,,,,,,,
1733609,F,,,,,,,
1735084,R,,,,,,,
1735096,F,,,,,,,
1735289,R,,,,,,,
1735508,F,,,,,,,
1735719,F,,,,,,,
1735871,F,,,,,,,
1736027,F,,,,,,,
1736116,F,,,,,,,
1736273,F,,,,,,,
1738558,F,,,,,,,
1738639,F,,,,,,,
1738875,F,,,,,,,
1739640,F,,,,,,,
1741893,R,,,,,,,
1742244,F,,,,,,,
1743612,R,,,,,,,
1744371,R,,,,,,,
1744836,R,,,,,,,
1745018,F,,,,,,,
1745786,R,,,,,,,
1746194,R,,,,,,,
1747195,F,,,,,,,
1747691,F,,,,,,,
1750009,R,,,,,,,
1750562,F,,,,,,,
1757400,F,,,,,,,
1761669,F,,,,,,,
1762474,F,,,,,,,
1762947,F,,,,,,,
1763428,F,,,,,,,
1763627,R,,,,,,,
1764770,F,,,,,,,
1766472,F,,,,,,,
1768675,R,,,,,,,
1771601,R,,,,,,,
1772686,F,,,,,,,
1773833,R,,,,,,,
1773889,R,,,,,,,
1774722,R,,,,,,,
1775040,R,,,,,,,
1775163,R,,,,,,,
1775164,F,,,,,,,
1775309,R,,,,,,,
1780768,R,,,,,,,
1782729,R,,,,,,,
1783241,R,,,,,,,
1785782,F,,,,,,,
1786224,F,,,,,,,
1786573,R,,,,,,,
1788487,R,,,,,,,
1788506,F,,,,,,,
1789836,R,,,,,,,
1793753,F,,,,,,,
1793892,R,,,,,,,
1794706,F,,,,,,,
1794707,R,,,,,,,
1798128,F,,,,,,,
1799510,R,,,,,,,
1799565,F,,,,,,,
1801472,F,,,,,,,
1803277,R,,,,,,,
1804657,F,,,,,,,
1804836,F,,,,,,,
1805842,F,,,,,,,
1805922,F,,,,,,,
1807762,R,,,,,,,
1807903,F,,,,,,,
1810185,F,,,,,,,
1811425,F,,,,,,,
1814050,F,,,,,,,
1814765,F,,,,,,,
1815310,F,,,,,,,
1815451,R,,,,,,,
1818137,F,,,,,,,
1818562,F,,,,,,,
1824350,F,,,,,,,
1825132,R,,,,,,,
1825928,R,,,,,,,
1826567,R,,,,,,,
1827390,R,,,,,,,
1827945,R,,,,,,,
1828115,F,,,,,,,
1828602,R,,,,,,,
1830561,R,,,,,,,
1830902,R,,,,,,,
1833493,F,,,,,,,
1833530,R,,,,,,,
1834272,F,,,,,,,
1836897,R,,,,,,,
1837406,R,,,,,,,
1839522,F,,,,,,,
1841360,F,,,,,,,
1841526,R,,,,,,,
1842308,R,,,,,,,
1842388,F,,,,,,,
1842455,F,,,,,,,
1843698,F,,,,,,,
1844256,F,,,,,,,
1848442,R,,,,,,,
1849441,F,,,,,,,
1849875,F,,,,,,,
1851854,R,,,,,,,
1851990,F,,,,,,,
1853161,R,,,,,,,
1855359,R,,,,,,,
1855463,R,,,,,,,
1855680,F,,,,,,,
1855706,F,,,,,,,
1856052,F,,,,,,,
1856346,F,,,,,,,
1856458,F,,,,,,,
1856810,F,,,,,,,
1857728,F,,,,,,,
1858591,F,,,,,,,
1859359,R,,,,,,,
1859759,R,,,,,,,
1862421,R,,,,,,,
1862434,F,,,,,,,
1864018,F,,,,,,,
1873481,R,,,,,,,
1874103,F,,,,,,,
1884765,F,,,,,,,
1887556,F,,,,,,,
1888007,R,,,,,,,
1888166,R,,,,,,,
1890637,F,,,,,,,
1891191,F,,,,,,,
1892926,F,,,,,,,
1896086,F,,,,,,,
1896867,F,,,,,,,
1898233,R,,,,,,,
1901176,F,,,,,,,
1901782,R,,,,,,,
1901804,F,,,,,,,
1902391,F,,,,,,,
1906163,R,,,,,,,
1906240,R,,,,,,,
1906298,R,,,,,,,
1906319,F,,,,,,,
1906502,R,,,,,,,
1906537,R,,,,,,,
1907219,R,,,,,,,
1909233,R,,,,,,,
1909569,F,,,,,,,
1910288,F,,,,,,,
1915028,R,,,,,,,
1915484,F,,,,,,,
1916576,F,,,,,,,
1917753,F,,,,,,,
1921481,R,,,,,,,
1921542,F,,,,,,,
1922821,F,,,,,,,
1923155,R,,,,,,,
1923744,F,,,,,,,
1924008,F,,,,,,,
1925217,R,,,,,,,
1925355,F,,,,,,,
1925522,R,,,,,,,
1929238,R,,,,,,,
1929881,R,,,,,,,
1931519,R,,,,,,,
1933973,R,,,,,,,
1934048,F,,,,,,,
1934799,F,,,,,,,
1936411,F,,,,,,,
1938067,F,,,,,,,
1938217,R,,,,,,,
1938346,F,,,,,,,
1939571,R,,,,,,,
1939824,F,,,,,,,
1947643,R,,,,,,,
1951751,R,,,,,,,
1953128,R,,,,,,,
1954532,R,,,,,,,
1955011,F,,,,,,,
1955156,F,,,,,,,
1956768,F,,,,,,,
1957357,R,,,,,,,
1957391,F,,,,,,,
1957423,F,,,,,,,
1957644,F,,,,,,,
1959791,R,,,,,,,
1960477,R,,,,,,,
1960665,F,,,,,,,
1962024,R,,,,,,,
1962189,F,,,,,,,
1962930,R,,,,,,,
1965427,R,,,,,,,
1965573,R,,,,,,,
1965576,F,,,,,,,
1965819,F,,,,,,,
1966526,R,,,,,,,
1967673,F,,,,,,,
1967705,F,,,,,,,
1967742,F,,,,,,,
1968960,F,,,,,,,
1971192,R,,,,,,,
1972138,F,,,,,,,
1973634,F,,,,,,,
1975461,R,,,,,,,
1975830,F,,,,,,,
1976660,F,,,,,,,
1977718,R,,,,,,,
1978309,F,,,,,,,
1978460,R,,,,,,,
1979764,F,,,,,,,
1981371,R,,,,,,,
1984870,R,,,,,,,
1986556,F,,,,,,,
1987764,R,,,,,,,
1988069,F,,,,,,,
1993189,F,,,,,,,
1993441,R,,,,,,,
1994395,F,,,,,,,
1995864,R,,,,,,,
1997089,R,,,,,,,
1997394,F,,,,,,,
1998515,R,,,,,,,
1998934,F,,,,,,,
1999224,F,,,,,,,
1999649,R,,,,,,,
1999710,F,,,,,,,
1999769,R,,,,,,,
2000074,F,,,,,,,
2000147,R,,,,,,,
2000507,F,,,,,,,
2000559,F,,,,,,,
2002618,F,,,,,,,
2006560,F,,,,,,,
2007766,R,,,,,,,
2008792,F,,,,,,,
2010622,R,,,,,,,
2011965,F,,,,,,,
2012070,R,,,,,,,
2012400,R,,,,,,,
2012639,F,,,,,,,
2014627,R,,,,,,,
2014697,F,,,,,,,
2015233,R,,,,,,,
2017128,F,,,,,,,
2017299,F,,,,,,,
2017387,F,,,,,,,
2017601,F,,,,,,,
2023143,R,,,,,,,
2024070,F,,,,,,,
2024256,R,,,,,,,
2024576,F,,,,,,,
2025143,F,,,,,,,
2026704,R,,,,,,,
2026747,F,,,,,,,
2028215,R,,,,,,,
2029155,F,,,,,,,
2029771,F,,,,,,,
2029970,F,,,,,,,
2030676,F,,,,,,,
2031069,R,,,,,,,
2032061,F,,,,,,,
2032608,F,,,,,,,
2032641,F,,,,,,,
2033493,F,,,,,,,
2033559,R,,,,,,,
2033988,F,,,,,,,
2034620,F,,,,,,,
2035183,F,,,,,,,
2035390,F,,,,,,,
2035431,F,,,,,,,
2035665,F,,,,,,,
2036699,F,,,,,,,
2037368,F,,,,,,,
2039833,F,,,,,,,
2039873,R,,,,,,,
2041401,R,,,,,,,
2044163,F,,,,,,,
2044748,R,,,,,,,
2045320,F,,,,,,,
2046922,F,,,,,,,
2047349,R,,,,,,,
2047407,R,,,,,,,
2047593,F,,,,,,,
2047812,F,,,,,,,
2048654,F,,,,,,,
2049895,F,,,,,,,
2052967,F,,,,,,,
2053381,F,,,,,,,
2055233,F,,,,,,,
2055472,R,,,,,,,
2055958,F,,,,,,,
2056342,R,,,,,,,
2056479,F,,,,,,,
2056806,F,,,,,,,
2056843,F,,,,,,,
2057455,F,,,,,,,
2057744,R,,,,,,,
2058274,F,,,,,,,
2058599,R,,,,,,,
2058714,R,,,,,,,
2058867,F,,,,,,,
2059002,R,,,,,,,
2059304,R,,,,,,,
2059961,R,,,,,,,
2061173,R,,,,,,,
2062749,R,,,,,,,
2064799,F,,,,,,,
2066547,F,,,,,,,
2068884,R,,,,,,,
2068963,F,,,,,,,
2069080,F,,,,,,,
2069259,F,,,,,,,
2069524,R,,,,,,,
2070425,F,,,,,,,
2071906,F,,,,,,,
2071961,F,,,,,,,
2072192,F,,,,,,,
2072489,F,,,,,,,
2072507,R,,,,,,,
2072526,F,,,,,,,
2073840,F,,,,,,,
2074749,F,,,,,,,
2074806,F,,,,,,,
2075481,F,,,,,,,
2075609,F,,,,,,,
2076133,R,,,,,,,
2076224,R,,,,,,,
2077935,R,,,,,,,
2078241,F,,,,,,,
2078390,F,,,,,,,
2079783,R,,,,,,,
2080760,F,,,,,,,
2081553,F,,,,,,,
2082505,R,,,,,,,
2083317,R,,,,,,,
2087004,R,,,,,,,
2087331,F,,,,,,,
2087912,R,,,,,,,
2089653,F,,,,,,,
2091709,F,,,,,,,
2092222,R,,,,,,,
2093756,R,,,,,,,
2094150,R,,,,,,,
2094483,R,,,,,,,
2096622,R,,,,,,,
2096760,F,,,,,,,
2097060,F,,,,,,,
2097122,R,,,,,,,
2100265,F,,,,,,,
2101654,R,,,,,,,
2102781,R,,,,,,,
2103087,R,,,,,,,
2104107,R,,,,,,,
2104897,R,,,,,,,
2104902,F,,,,,,,
2106749,F,,,,,,,
2107736,F,,,,,,,
2109121,F,,,,,,,
2111228,F,,,,,,,
2111364,R,,,,,,,
2112049,R,,,,,,,
2114405,R,,,,,,,
2115235,F,,,,,,,
2116463,R,,,,,,,
2117322,F,,,,,,,
2119298,F,,,,,,,
2120997,R,,,,,,,
2121876,R,,,,,,,
2121904,R,,,,,,,
2121939,R,,,,,,,
2122165,R,,,,,,,
2122226,R,,,,,,,
2122361,R,,,,,,,
2122733,R,,,,,,,
2122787,R,,,,,,,
2122849,R,,,,,,,
2123016,R,,,,,,,
2123088,R,,,,,,,
2123159,R,,,,,,,
2123666,F,,,,,,,
2125115,R,,,,,,,
2126558,F,,,,,,,
2128210,R,,,,,,,
2131271,F,,,,,,,
2132108,F,,,,,,,
2132258,F,,,,,,,
2133406,R,,,,,,,
2133674,R,,,,,,,
2134153,R,,,,,,,
2134163,F,,,,,,,
2134209,F,,,,,,,
2135876,F,,,,,,,
2135904,R,,,,,,,
2136128,F,,,,,,,
2136264,F,,,,,,,
2136533,F,,,,,,,
2137085,R,,,,,,,
2138648,R,,,,,,,
2139710,F,,,,,,,
2140808,R,,,,,,,
2141875,R,,,,,,,
2141912,R,,,,,,,
2141951,F,,,,,,,
2142383,F,,,,,,,
2143537,F,,,,,,,
2143567,F,,,,,,,
2144441,F,,,,,,,
2145893,F,,,,,,,
2146832,R,,,,,,,
2147633,R,,,,,,,
2147668,F,,,,,,,
2149112,F,,,,,,,
2149474,R,,,,,,,
2149528,F,,,,,,,
2150364,F,,,,,,,
2150773,F,,,,,,,
2150832,F,,,,,,,
2151213,F,,,,,,,
2152896,R,,,,,,,
2153419,F,,,,,,,
2154044,R,,,,,,,
2154336,F,,,,,,,
2156594,R,,,,,,,
2157311,R,,,,,,,
2157999,R,,,,,,,
2158082,R,,,,,,,
2158402,R,,,,,,,
2160289,R,,,,,,,
2160335,F,,,,,,,
2160427,F,,,,,,,
2162152,R,,,,,,,
2165899,F,,,,,,,
2166946,R,,,,,,,
2167795,R,,,,,,,
2170683,R,,,,,,,
2171569,R,,,,,,,
2171662,F,,,,,,,
2171748,R,,,,,,,
2173088,R,,,,,,,
2174065,F,,,,,,,
2175233,F,,,,,,,
2175454,F,,,,,,,
2175749,F,,,,,,,
2176600,R,,,,,,,
2176934,R,,,,,,,
2177087,F,,,,,,,
2179491,R,,,,,,,
2181818,R,,,,,,,
2183223,R,,,,,,,
2183372,F,,,,,,,
2183514,R,,,,,,,
2187324,F,,,,,,,
2190262,R,,,,,,,
2190465,F,,,,,,,
2193615,F,,,,,,,
2195206,R,,,,,,,
2195989,F,,,,,,,
2197143,R,,,,,,,
2197638,R,,,,,,,
2198785,F,,,,,,,
2200712,F,,,,,,,
2201248,F,,,,,,,
2201313,R,,,,,,,
2201339,F,,,,,,,
2204225,R,,,,,,,
2205166,R,,,,,,,
2205549,R,,,,,,,
2206868,R,,,,,,,
2207047,R,,,,,,,
2207614,F,,,,,,,
2207922,R,,,,,,,
2217786,R,,,,,,,
2218239,F,,,,,,,
2218416,F,,,,,,,
2219251,R,,,,,,,
2219535,R,,,,,,,
2219559,F,,,,,,,
2219731,F,,,,,,,
2220018,R,,,,,,,
2220880,F,,,,,,,
2222358,F,,,,,,,
2223169,R,,,,,,,
2223332,R,,,,,,,
2223583,R,,,,,,,
2224149,R,,,,,,,
2224641,R,,,,,,,
2225322,R,,,,,,,
2225343,F,,,,,,,
2225351,R,,,,,,,
2226101,R,,,,,,,
2226211,F,,,,,,,
2227076,R,,,,,,,
2228561,R,,,,,,,
2228676,F,,,,,,,
2229939,R,,,,,,,
2229986,F,,,,,,,
2230603,R,,,,,,,
2231023,F,,,,,,,
2231453,F,,,,,,,
2232275,F,,,,,,,
2232679,F,,,,,,,
2233548,R,,,,,,,
2233671,R,,,,,,,
2233687,F,,,,,,,
2234891,R,,,,,,,
2236598,R,,,,,,,
2236971,F,,,,,,,
2237984,R,,,,,,,
2238672,R,,,,,,,
2238979,F,,,,,,,
2239478,F,,,,,,,
2239662,F,,,,,,,
2240117,F,,,,,,,
2241851,F,,,,,,,
2242332,R,,,,,,,
2243744,R,,,,,,,
2246391,F,,,,,,,
2247997,R,,,,,,,
2248183,R,,,,,,,
2250365,R,,,,,,,
2251236,F,,,,,,,
2251902,R,,,,,,,
2252026,F,,,,,,,
2252442,R,,,,,,,
2254132,R,,,,,,,
2256430,R,,,,,,,
2256599,R,,,,,,,
2256611,F,,,,,,,
2258045,F,,,,,,,
2259768,F,,,,,,,
2260161,R,,,,,,,
2261774,R,,,,,,,
2263072,R,,,,,,,
2263390,F,,,,,,,
2264896,R,,,,,,,
2265249,F,,,,,,,
2266322,F,,,,,,,
2266368,F,,,,,,,
2267101,R,,,,,,,
2267109,F,,,,,,,
2267504,R,,,,,,,
2268167,F,,,,,,,
2268257,R,,,,,,,
2268706,F,,,,,,,
2270240,R,,,,,,,
2272708,R,,,,,,,
2273438,R,,,,,,,
2274781,F,,,,,,,
2278697,R,,,,,,,
2278965,R,,,,,,,
2279104,F,,,,,,,
2279469,R,,,,,,,
2279861,F,,,,,,,
2280018,F,,,,,,,
2280183,F,,,,,,,
2281292,F,,,,,,,
2282459,R,,,,,,,
2283647,R,,,,,,,
2283712,R,,,,,,,
2284426,F,,,,,,,
2285875,F,,,,,,,
2285923,F,,,,,,,
2287160,R,,,,,,,
2288383,F,,,,,,,
2288947,F,,,,,,,
2289241,R,,,,,,,
2291190,R,,,,,,,
2293227,R,,,,,,,
2296247,R,,,,,,,
2300448,F,,,,,,,
2302337,R,,,,,,,
2307195,R,,,,,,,
2307643,R,,,,,,,
2307694,F,,,,,,,
2307752,F,,,,,,,
2309159,R,,,,,,,
2313052,R,,,,,,,
2313125,F,,,,,,,
2313258,R,,,,,,,
2313946,F,,,,,,,
2315155,F,,,,,,,
2317085,R,,,,,,,
2319456,F,,,,,,,
2320831,F,,,,,,,
2325881,R,,,,,,,
2326382,R,,,,,,,
2326809,R,,,,,,,
2326827,F,,,,,,,
2326941,F,,,,,,,
2329900,R,,,,,,,
2329918,F,,,,,,,
2330998,F,,,,,,,
2331335,F,,,,,,,
2332522,R,,,,,,,
2333867,R,,,,,,,
2334002,R,,,,,,,
2335040,F,,,,,,,
2337691,R,,,,,,,
2337743,R,,,,,,,
2337992,R,,,,,,,
2338606,R,,,,,,,
2338642,R,,,,,,,
2339442,F,,,,,,,
2340457,R,,,,,,,
2342349,R,,,,,,,
2343955,R,,,,,,,
2343973,F,,,,,,,
2344250,R,,,,,,,
2346158,R,,,,,,,
2347921,F,,,,,,,
2348678,R,,,,,,,
2349323,R,,,,,,,
2349999,R,,,,,,,
2353317,R,,,,,,,
2353566,R,,,,,,,
2355201,R,,,,,,,
2356314,F,,,,,,,
2356679,R,,,,,,,
2359813,R,,,,,,,
2360164,F,,,,,,,
2364239,R,,,,,,,
2364781,R,,,,,,,
2364799,F,,,,,,,
2365368,R,,,,,,,
2366402,R,,,,,,,
2366707,F,,,,,,,
2366947,F,,,,,,,
2368407,F,,,,,,,
2368421,R,,,,,,,
2369302,R,,,,,,,
2369321,F,,,,,,,
2370771,R,,,,,,,
2370857,R,,,,,,,
2371432,R,,,,,,,
2372422,R,,,,,,,
2373578,F,,,,,,,
2373833,F,,,,,,,
2374347,R,,,,,,,
2374638,R,,,,,,,
2375169,R,,,,,,,
2375235,R,,,,,,,
2375298,R,,,,,,,
2375898,R,,,,,,,
2376084,F,,,,,,,
2376329,R,,,,,,,
2376419,F,,,,,,,
2378386,F,,,,,,,
2383668,R,,,,,,,
2386067,R,,,,,,,
2386293,F,,,,,,,
2388512,F,,,,,,,
2388551,F,,,,,,,
2389914,F,,,,,,,
2389946,R,,,,,,,
2390131,R,,,,,,,
2391189,R,,,,,,,
2391995,F,,,,,,,
2392096,F,,,,,,,
2392459,R,,,,,,,
2393317,R,,,,,,,
2393392,F,,,,,,,
2395240,R,,,,,,,
2395290,R,,,,,,,
2396557,R,,,,,,,
2396856,R,,,,,,,
2396940,R,,,,,,,
2397221,R,,,,,,,
2397245,F,,,,,,,
2398260,F,,,,,,,
2399869,F,,,,,,,
2400661,F,,,,,,,
2401966,F,,,,,,,
2402719,R,,,,,,,
2403166,F,,,,,,,
2403323,F,,,,,,,
2404550,R,,,,,,,
2404725,R,,,,,,,
2405456,F,,,,,,,
2405472,R,,,,,,,
2405545,R,,,,,,,
2406018,R,,,,,,,
2406840,F,,,,,,,
2406841,R,,,,,,,
2407380,R,,,,,,,
2408329,R,,,,,,,
2409607,F,,,,,,,
2409625,R,,,,,,,
2414412,R,,,,,,,
2415170,R,,,,,,,
2420595,R,,,,,,,
2420643,R,,,,,,,
2422280,R,,,,,,,
2422612,R,,,,,,,
2422787,R,,,,,,,
2423170,R,,,,,,,
2424847,R,,,,,,,
2424903,R,,,,,,,
2425255,F,,,,,,,
2425368,F,,,,,,,
2425696,R,,,,,,,
2425719,F,,,,,,,
2425799,F,,,,,,,
2425820,R,,,,,,,
2429503,R,,,,,,,
2429907,R,,,,,,,
2430178,R,,,,,,,
2430483,F,,,,,,,
2431948,R,,,,,,,
2432000,F,,,,,,,
2432038,R,,,,,,,
2434655,R,,,,,,,
2434775,F,,,,,,,
2435435,R,,,,,,,
2435618,R,,,,,,,
2436740,F,,,,,,,
2437850,R,,,,,,,
2437905,F,,,,,,,
2440497,F,,,,,,,
2441720,R,,,,,,,
2442083,R,,,,,,,
2445362,R,,,,,,,
2445420,R,,,,,,,
2445489,F,,,,,,,
2446044,R,,,,,,,
2446999,R,,,,,,,
2447087,R,,,,,,,
2447431,F,,,,,,,
2447600,R,,,,,,,
2447994,R,,,,,,,
2448112,F,,,,,,,
2450042,F,,,,,,,
2450539,R,,,,,,,
2451044,F,,,,,,,
2453325,R,,,,,,,
2453448,R,,,,,,,
2456877,F,,,,,,,
2457398,R,,,,,,,
2459298,R,,,,,,,
2460318,R,,,,,,,
2460506,F,,,,,,,
2460953,R,,,,,,,
2463138,R,,,,,,,
2463267,F,,,,,,,
2464836,R,,,,,,,
2467640,R,,,,,,,
2468062,R,,,,,,,
2469273,R,,,,,,,
2469384,R,,,,,,,
2469404,F,,,,,,,
2469566,R,,,,,,,
2470622,F,,,,,,,
2473279,F,,,,,,,
2473389,R,,,,,,,
2474670,R,,,,,,,
2475736,F,,,,,,,
2475970,R,,,,,,,
2477146,R,,,,,,,
2477190,F,,,,,,,
2478705,R,,,,,,,
2479714,F,,,,,,,
2480499,F,,,,,,,
2485093,R,,,,,,,
2485273,F,,,,,,,
2486144,F,,,,,,,
2486229,F,,,,,,,
2486883,F,,,,,,,
2487478,R,,,,,,,
2487546,F,,,,,,,
2487608,F,,,,,,,
2488773,R,,,,,,,
2493020,R,,,,,,,
2493081,R,,,,,,,
2493701,R,,,,,,,
2493744,R,,,,,,,
2495390,R,,,,,,,
2496019,F,,,,,,,
2497017,R,,,,,,,
2497678,F,,,,,,,
2497745,R,,,,,,,
2498368,R,,,,,,,
2500449,R,,,,,,,
2500546,R,,,,,,,
2500634,R,,,,,,,
2500821,R,,,,,,,
2505647,F,,,,,,,
2506697,R,,,,,,,
2507540,F,,,,,,,
2508853,R,,,,,,,
2509415,F,,,,,,,
2510161,F,,,,,,,
2510542,R,,,,,,,
2511646,R,,,,,,,
2512398,F,,,,,,,
2513595,R,,,,,,,
2515304,F,,,,,,,
2516408,R,,,,,,,
2516787,F,,,,,,,
2517317,F,,,,,,,
2517741,R,,,,,,,
2519827,R,,,,,,,
2525372,F,,,,,,,
2529384,R,,,,,,,
2529593,R,,,,,,,
2529759,F,,,,,,,
2529953,R,,,,,,,
2530000,F,,,,,,,
2532212,R,,,,,,,
2532245,F,,,,,,,
2535552,R,,,,,,,
2540055,R,,,,,,,
2540066,F,,,,,,,
2540648,F,,,,,,,
2541685,R,,,,,,,
2544305,R,,,,,,,
2544381,F,,,,,,,
2545586,R,,,,,,,
2546663,R,,,,,,,
2546790,F,,,,,,,
2551002,R,,,,,,,
2551307,F,,,,,,,
2552309,F,,,,,,,
2553192,F,,,,,,,
2554514,F,,,,,,,
2554766,F,,,,,,,
2555477,R,,,,,,,
2556145,F,,,,,,,
2556785,F,,,,,,,
2557473,F,,,,,,,
2557723,R,,,,,,,
2559394,R,,,,,,,
2561476,F,,,,,,,
2562178,R,,,,,,,
2562953,F,,,,,,,
2563113,F,,,,,,,
2563528,R,,,,,,,
2564272,F,,,,,,,
2564507,R,,,,,,,
2564534,R,,,,,,,
2565112,R,,,,,,,
2565309,R,,,,,,,
2566767,F,,,,,,,
2566847,F,,,,,,,
2567842,R,,,,,,,
2567866,F,,,,,,,
2568098,F,,,,,,,
2568447,F,,,,,,,
2569082,F,,,,,,,
2572882,R,,,,,,,
2573015,F,,,,,,,
2574200,F,,,,,,,
2575598,R,,,,,,,
2579153,F,,,,,,,
2579287,R,,,,,,,
2580328,R,,,,,,,
2582025,R,,,,,,,
2582183,F,,,,,,,
2582912,F,,,,,,,
2584635,R,,,,,,,
2585248,R,,,,,,,
2585906,R,,,,,,,
2586622,F,,,,,,,
2590848,F,,,,,,,
2591171,R,,,,,,,
2591375,F,,,,,,,
2591882,R,,,,,,,
2591929,F,,,,,,,
2592903,F,,,,,,,
2594943,R,,,,,,,
2595881,F,,,,,,,
2596209,R,,,,,,,
2596296,F,,,,,,,
2599988,F,,,,,,,
2600682,F,,,,,,,
2600722,R,,,,,,,
2601905,R,,,,,,,
2602059,F,,,,,,,
2603501,R,,,,,,,
2603620,R,,,,,,,
2604222,R,,,,,,,
2604317,F,,,,,,,
2608526,F,,,,,,,
2609763,F,,,,,,,
2610781,F,,,,,,,
2613081,R,,,,,,,
2614103,R,,,,,,,
2614511,F,,,,,,,
2614556,F,,,,,,,
2615119,R,,,,,,,
2617436,F,,,,,,,
2618909,F,,,,,,,
2618971,R,,,,,,,
2619479,R,,,,,,,
2619517,R,,,,,,,
2620244,F,,,,,,,
2622452,R,,,,,,,
2623821,F,,,,,,,
2624618,R,,,,,,,
2624937,R,,,,,,,
2625845,F,,,,,,,
2625871,F,,,,,,,
2626195,R,,,,,,,
2626571,F,,,,,,,
2627046,R,,,,,,,
2627273,F,,,,,,,
2630155,R,,,,,,,
2630376,R,,,,,,,
2630401,F,,,,,,,
2632443,F,,,,,,,
2632491,F,,,,,,,
2633364,R,,,,,,,
2633557,R,,,,,,,
2634166,R,,,,,,,
2636565,R,,,,,,,
2636870,F,,,,,,,
2636965,R,,,,,,,
2637319,R,,,,,,,
2637471,F,,,,,,,
2639550,R,,,,,,,
2640286,F,,,,,,,
2640944,R,,,,,,,
2641120,R,,,,,,,
2641196,F,,,,,,,
2642426,F,,,,,,,
2642676,R,,,,,,,
2644258,R,,,,,,,
2647340,R,,,,,,,
2648096,F,,,,,,,
2648365,R,,,,,,,
2648908,R,,,,,,,
2649639,F,,,,,,,
2649700,F,,,,,,,
2650037,R,,,,,,,
2651558,R,,,,,,,
2653496,R,,,,,,,
2654090,R,,,,,,,
2654197,F,,,,,,,
2654977,R,,,,,,,
2655126,R,,,,,,,
2655221,F,,,,,,,
2655258,R,,,,,,,
2656157,R,,,,,,,
2664802,R,,,,,,,
2667426,F,,,,,,,
2675862,R,,,,,,,
2680012,R,,,,,,,
2680334,F,,,,,,,
2681463,R,,,,,,,
2681677,F,,,,,,,
2682308,R,,,,,,,
2683187,R,,,,,,,
2683477,R,,,,,,,
2683995,F,,,,,,,
2684313,R,,,,,,,
2684429,F,,,,,,,
2684487,F,,,,,,,
2690280,F,,,,,,,
2691846,R,,,,,,,
2692164,F,,,,,,,
2692266,F,,,,,,,
2692532,F,,,,,,,
2692602,F,,,,,,,
2692651,F,,,,,,,
2692724,F,,,,,,,
2693130,F,,,,,,,
2695172,R,,,,,,,
2695857,F,,,,,,,
2697910,R,,,,,,,
2698241,R,,,,,,,
2698415,F,,,,,,,
2701887,F,,,,,,,
2702910,R,,,,,,,
2703166,R,,,,,,,
2703236,F,,,,,,,
2704080,R,,,,,,,
2704159,R,,,,,,,
2704282,R,,,,,,,
2704467,R,,,,,,,
2706031,R,,,,,,,
2706739,F,,,,,,,
2708069,R,,,,,,,
2709956,R,,,,,,,
2710044,F,,,,,,,
2710452,F,,,,,,,
2713455,R,,,,,,,
2715334,R,,,,,,,
2716496,R,,,,,,,
2718832,R,,,,,,,
2718882,R,,,,,,,
2726151,F,,,,,,,
2726803,R,,,,,,,
2727405,F,,,,,,,
2727917,F,,,,,,,
2728389,F,,,,,,,
2728493,R,,,,,,,
2728515,F,,,,,,,
2731393,R,,,,,,,
2731967,F,,,,,,,
2732284,R,,,,,,,
2732962,R,,,,,,,
2733660,F,,,,,,,
2735494,F,,,,,,,
2735601,R,,,,,,,
2736834,R,,,,,,,
2740495,R,,,,,,,
2740587,R,,,,,,,
2740594,F,,,,,,,
2741339,F,,,,,,,
2742288,R,,,,,,,
2744416,F,,,,,,,
2745227,R,,,,,,,
2750255,R,,,,,,,
2750778,R,,,,,,,
2754250,F,,,,,,,
2754494,R,,,,,,,
2756747,R,,,,,,,
2756808,R,,,,,,,
2758702,R,,,,,,,
2759541,R,,,,,,,
2759604,R,,,,,,,
2759631,R,,,,,,,
2760741,F,,,,,,,
2761105,R,,,,,,,
2762529,R,,,,,,,
2762990,R,,,,,,,
2763807,R,,,,,,,
2765541,F,,,,,,,
2765561,R,,,,,,,
2766341,R,,,,,,,
2768150,R,,,,,,,
2772340,R,,,,,,,
2773168,F,,,,,,,
2774982,R,,,,,,,
2775283,F,,,,,,,
2775454,R,,,,,,,
2782660,F,,,,,,,
2784079,R,,,,,,,
2784676,R,,,,,,,
2784981,F,,,,,,,
2789333,R,,,,,,,
2789814,F,,,,,,,
2792595,R,,,,,,,
2792872,R,,,,,,,
2794071,R,,,,,,,
2794171,F,,,,,,,
2797197,F,,,,,,,
2800788,R,,,,,,,
2801153,R,,,,,,,
2806874,F,,,,,,,
2808855,R,,,,,,,
2810042,R,,,,,,,
2810285,R,,,,,,,
2811938,R,,,,,,,
2812274,R,,,,,,,
2812613,R,,,,,,,
2814431,F,,,,,,,
2814854,R,,,,,,,
2814907,R,,,,,,,
2816879,F,,,,,,,
2816974,R,,,,,,,
2816993,F,,,,,,,
2817037,F,,,,,,,
2817232,R,,,,,,,
2819067,F,,,,,,,
2819220,F,,,,,,,
2819879,R,,,,,,,
2819911,R,,,,,,,
2821286,F,,,,,,,
2821650,R,,,,,,,
2821669,F,,,,,,,
2822427,F,,,,,,,
2824678,F,,,,,,,
2826616,F,,,,,,,
2827157,F,,,,,,,
2828018,F,,,,,,,
2828224,F,,,,,,,
2828565,F,,,,,,,
2828912,R,,,,,,,
2829795,F,,,,,,,
2833755,R,,,,,,,
2834559,F,,,,,,,
2835379,R,,,,,,,
2835386,F,,,,,,,
2835480,F,,,,,,,
2837683,F,,,,,,,
2849498,R,,,,,,,
2850576,R,,,,,,,
2851091,F,,,,,,,
2854907,R,,,,,,,
2857825,R,,,,,,,
2857827,F,,,,,,,
2860419,R,,,,,,,
2860449,F,,,,,,,
2861071,R,,,,,,,
2864412,R,,,,,,,
2866760,R,,,,,,,
2868606,F,,,,,,,
2869442,R,,,,,,,
2869627,R,,,,,,,
2870340,R,,,,,,,
2870766,F,,,,,,,
2876381,F,,,,,,,
2876977,R,,,,,,,
2877074,F,,,,,,,
2877867,F,,,,,,,
2880020,F,,,,,,,
2881406,F,,,,,,,
2882083,F,,,,,,,
2882290,F,,,,,,,
2884431,F,,,,,,,
2885020,R,,,,,,,
2886563,R,,,,,,,
2889782,R,,,,,,,
2889794,F,,,,,,,
2891939,R,,,,,,,
2893101,F,,,,,,,
2894403,R,,,,,,,
2897005,R,,,,,,,
2897022,F,,,,,,,
2898806,F,,,,,,,
2899319,F,,,,,,,
2900421,R,,,,,,,
2900648,R,,,,,,,
2901767,R,,,,,,,
2902676,F,,,,,,,
2903566,F,,,,,,,
2906763,R,,,,,,,
2910212,R,,,,,,,
2910294,R,,,,,,,
2910924,R,,,,,,,
2911259,F,,,,,,,
2911332,R,,,,,,,
2912104,F,,,,,,,
2913406,F,,,,,,,
2916262,R,,,,,,,
2916325,F,,,,,,,
2916611,R,,,,,,,
2917784,R,,,,,,,
2917792,F,,,,,,,
2921504,F,,,,,,,
2922963,R,,,,,,,
2925414,R,,,,,,,
2925476,R,,,,,,,
2925492,F,,,,,,,
2926299,F,,,,,,,
2930049,R,,,,,,,
2930070,F,,,,,,,
2931593,R,,,,,,,
2933722,F,,,,,,,
2934085,R,,,,,,,
2934169,F,,,,,,,
2937923,F,,,,,,,
2939670,F,,,,,,,
2940959,R,,,,,,,
2946220,R,,,,,,,
2948585,R,,,,,,,
2949535,F,,,,,,,
2950409,F,,,,,,,
2953030,R,,,,,,,
2953970,R,,,,,,,
2954031,R,,,,,,,
2954433,F,,,,,,,
2954749,R,,,,,,,
2955137,F,,,,,,,
2955519,F,,,,,,,
2955570,F,,,,,,,
2956882,R,,,,,,,
2957340,F,,,,,,,
2959249,R,,,,,,,
2959530,R,,,,,,,
2959851,R,,,,,,,
2962501,R,,,,,,,
2962956,F,,,,,,,
2963586,F,,,,,,,
2964323,F,,,,,,,
2965358,R,,,,,,,
2965837,R,,,,,,,
2966120,F,,,,,,,
2966533,F,,,,,,,
2968657,F,,,,,,,
2969440,F,,,,,,,
2969588,R,,,,,,,
2969619,R,,,,,,,
2969669,F,,,,,,,
2971485,R,,,,,,,
2973097,R,,,,,,,
2973402,F,,,,,,,
2975899,R,,,,,,,
2976154,F,,,,,,,
2978156,F,,,,,,,
2978292,F,,,,,,,
2978541,F,,,,,,,
2978969,F,,,,,,,
2979315,R,,,,,,,
2979344,R,,,,,,,
2979508,F,,,,,,,
2980849,R,,,,,,,
2980909,F,,,,,,,
2981212,F,,,,,,,
2981853,F,,,,,,,
2982041,R,,,,,,,
2982087,R,,,,,,,
2982565,F,,,,,,,
2983077,R,,,,,,,
2984704,F,,,,,,,
2985838,R,,,,,,,
2989171,F,,,,,,,
2990365,R,,,,,,,
2990706,F,,,,,,,
2992628,R,,,,,,,
2995064,R,,,,,,,
2995114,F,,,,,,,
2996001,F,,,,,,,
2997566,R,,,,,,,
2999968,R,,,,,,,
3000124,F,,,,,,,
3000166,F,,,,,,,
3002982,F,,,,,,,
3003422,F,,,,,,,
3005761,R,,,,,,,
3008837,R,,,,,,,
3009085,F,,,,,,,
3009229,F,,,,,,,
3009257,F,,,,,,,
3009758,R,,,,,,,
3011437,R,,,,,,,
3011593,R,,,,,,,
3011659,R,,,,,,,
3011835,R,,,,,,,
3011916,F,,,,,,,
3012667,F,,,,,,,
3012755,F,,,,,,,
3013880,R,,,,,,,
3015010,R,,,,,,,
3015203,F,,,,,,,
3016833,F,,,,,,,
3017707,F,,,,,,,
3018622,R,,,,,,,
3018863,R,,,,,,,
3019756,R,,,,,,,
3020167,R,,,,,,,
3020197,R,,,,,,,
3020293,R,,,,,,,
3020299,F,,,,,,,
3020571,F,,,,,,,
3021787,R,,,,,,,
3021857,F,,,,,,,
3022431,F,,,,,,,
3022493,F,,,,,,,
3022621,F,,,,,,,
3022830,F,,,,,,,
3022870,R,,,,,,,
3022934,F,,,,,,,
3022991,F,,,,,,,
3023040,F,,,,,,,
3023461,F,,,,,,,
3023550,F,,,,,,,
3023605,F,,,,,,,
3024065,R,,,,,,,
3025299,R,,,,,,,
3025432,F,,,,,,,
3026335,R,,,,,,,
3026729,F,,,,,,,
3027028,F,,,,,,,
3027634,R,,,,,,,
3027908,F,,,,,,,
3028236,R,,,,,,,
3029172,F,,,,,,,
3030917,R,,,,,,,
3031788,F,,,,,,,
3031899,F,,,,,,,
3033228,F,,,,,,,
3033459,F,,,,,,,
3034711,R,,,,,,,
3034729,F,,,,,,,
3035001,R,,,,,,,
3035684,F,,,,,,,
3036350,R,,,,,,,
3037320,R,,,,,,,
3038415,R,,,,,,,
3038864,R,,,,,,,
3042518,R,,,,,,,
3049086,R,,,,,,,
3050092,R,,,,,,,
3050769,R,,,,,,,
3053233,F,,,,,,,
3055487,R,,,,,,,
3056018,F,,,,,,,
3058114,R,,,,,,,
3058561,R,,,,,,,
3061424,F,,,,,,,
3062350,R,,,,,,,
3064890,F,,,,,,,
3067127,R,,,,,,,
3072423,R,,,,,,,
3073324,F,,,,,,,
3074172,R,,,,,,,
3074355,R,,,,,,,
3074480,R,,,,,,,
3074636,F,,,,,,,
3074918,F,,,,,,,
3078614,F,,,,,,,
3079666,F,,,,,,,
3080509,R,,,,,,,
3080573,R,,,,,,,
3080830,F,,,,,,,
3081508,R,,,,,,,
3081699,R,,,,,,,
3082341,R,,,,,,,
3082521,F,,,,,,,
3082622,R,,,,,,,
3082816,F,,,,,,,
3085477,R,,,,,,,
3085498,F,,,,,,,
3086030,R,,,,,,,
3086183,R,,,,,,,
3086712,R,,,,,,,
3086788,R,,,,,,,
3086797,F,,,,,,,
3087414,F,,,,,,,
3089039,R,,,,,,,
3092885,R,,,,,,,
3093827,R,,,,,,,
3094879,R,,,,,,,
3095128,F,,,,,,,
3095303,R,,,,,,,
3096033,R,,,,,,,
3096415,R,,,,,,,
3096959,F,,,,,,,
3097983,F,,,,,,,
3098386,R,,,,,,,
3102273,R,,,,,,,
3103346,R,,,,,,,
3104511,F,,,,,,,
3107664,R,,,,,,,
3107783,F,,,,,,,
3109635,F,,,,,,,
3111826,R,,,,,,,
3111996,R,,,,,,,
3112014,F,,,,,,,
3114111,R,,,,,,,
3114970,F,,,,,,,
3115285,F,,,,,,,
3115734,F,,,,,,,
3119042,F,,,,,,,
3120585,R,,,,,,,
3120890,F,,,,,,,
3122745,R,,,,,,,
3123616,F,,,,,,,
3123692,R,,,,,,,
3123884,F,,,,,,,
3124384,F,,,,,,,
3125771,R,,,,,,,
3126479,R,,,,,,,
3127703,F,,,,,,,
3128830,F,,,,,,,
3131313,F,,,,,,,
3133580,R,,,,,,,
3135502,R,,,,,,,
3136599,R,,,,,,,
3137236,R,,,,,,,
3137271,F,,,,,,,
3140036,R,,,,,,,
3142222,R,,,,,,,
3145008,F,,,,,,,
3146144,R,,,,,,,
3146712,R,,,,,,,
3147962,R,,,,,,,
3148151,R,,,,,,,
3148318,R,,,,,,,
3148340,F,,,,,,,
3149806,R,,,,,,,
3150068,R,,,,,,,
3154631,R,,,,,,,
3154656,F,,,,,,,
3155869,R,,,,,,,
3156161,F,,,,,,,
3158064,R,,,,,,,
3160551,R,,,,,,,
3160787,R,,,,,,,
3161464,R,,,,,,,
3162234,F,,,,,,,
3162524,R,,,,,,,
3165993,F,,,,,,,
3166652,F,,,,,,,
3167059,R,,,,,,,
3172462,F,,,,,,,
3173020,R,,,,,,,
3173126,R,,,,,,,
3174017,R,,,,,,,
3175555,R,,,,,,,
3177537,F,,,,,,,
3178177,R,,,,,,,
3179374,R,,,,,,,
3180513,R,,,,,,,
3180552,R,,,,,,,
3181901,R,,,,,,,
3183011,R,,,,,,,
3183138,F,,,,,,,
3183325,R,,,,,,,
3183850,F,,,,,,,
3186686,R,,,,,,,
3187671,F,,,,,,,
3188510,F,,,,,,,
3189934,R,,,,,,,
3190361,R,,,,,,,
3190382,F,,,,,,,
3190681,R,,,,,,,
3191150,F,,,,,,,
3192388,R,,,,,,,
3193977,R,,,,,,,
3196323,F,,,,,,,
3196431,F,,,,,,,
3196647,F,,,,,,,
3198366,R,,,,,,,
3198680,F,,,,,,,
3201448,R,,,,,,,
3202434,R,,,,,,,
3204290,R,,,,,,,
3205423,R,,,,,,,
3205549,R,,,,,,,
3210743,F,,,,,,,
3211445,F,,,,,,,
3211556,F,,,,,,,
3212214,R,,,,,,,
3214019,F,,,,,,,
3214394,R,,,,,,,
3214492,F,,,,,,,
3216727,F,,,,,,,
3217774,R,,,,,,,
3220042,R,,,,,,,
3221682,R,,,,,,,
3223524,R,,,,,,,
3226269,R,,,,,,,
3226428,R,,,,,,,
3231294,R,,,,,,,
3234336,F,,,,,,,
3234753,R,,,,,,,
3239930,R,,,,,,,
3241135,R,,,,,,,
3241455,R,,,,,,,
3241997,R,,,,,,,
3242304,F,,,,,,,
3243367,F,,,,,,,
3251014,R,,,,,,,
3255735,R,,,,,,,
3255938,F,,,,,,,
3256949,F,,,,,,,
3267134,R,,,,,,,
3267422,F,,,,,,,
3268599,F,,,,,,,
3271764,F,,,,,,,
3272436,F,,,,,,,
3274195,R,,,,,,,
3274270,R,,,,,,,
3274283,F,,,,,,,
3274481,R,,,,,,,
3276040,R,,,,,,,
3276273,R,,,,,,,
3276332,R,,,,,,,
3278308,F,,,,,,,
3278556,R,,,,,,,
3281516,F,,,,,,,
3281639,F,,,,,,,
3282849,R,,,,,,,
3282890,R,,,,,,,
3283335,F,,,,,,,
3284393,R,,,,,,,
3284706,F,,,,,,,
3284910,F,,,,,,,
3286268,R,,,,,,,
3286838,R,,,,,,,
3287196,R,,,,,,,
3287213,F,,,,,,,
3287381,R,,,,,,,
3287968,F,,,,,,,
3289674,F,,,,,,,
3297836,F,,,,,,,
3301004,R,,,,,,,
3301230,R,,,,,,,
3301839,F,,,,,,,
3302574,R,,,,,,,
3302692,R,,,,,,,
3303195,R,,,,,,,
3304279,F,,,,,,,
3304286,R,,,,,,,
3304428,F,,,,,,,
3305279,F,,,,,,,
3307057,R,,,,,,,
3307391,R,,,,,,,
3308668,F,,,,,,,
3310110,R,,,,,,,
3311443,F,,,,,,,
3311776,R,,,,,,,
3313106,F,,,,,,,
3313165,R,,,,,,,
3314407,R,,,,,,,
3316372,R,,,,,,,
3317852,R,,,,,,,
3318889,R,,,,,,,
3320642,F,,,,,,,
3323703,R,,,,,,,
3324538,R,,,,,,,
3325189,R,,,,,,,
3325529,R,,,,,,,
3325702,F,,,,,,,
3325975,F,,,,,,,
3326145,R,,,,,,,
3331657,R,,,,,,,
3331788,F,,,,,,,
3335748,R,,,,,,,
3339875,F,,,,,,,
3342826,R,,,,,,,
3343216,R,,,,,,,
3343862,R,,,,,,,
3347001,F,,,,,,,
3347188,R,,,,,,,
3347874,R,,,,,,,
3348632,R,,,,,,,
3348693,F,,,,,,,
3348713,R,,,,,,,
3348770,R,,,,,,,
3351071,R,,,,,,,
3351269,F,,,,,,,
3352294,R,,,,,,,
3352361,F,,,,,,,
3355069,R,,,,,,,
3356933,R,,,,,,,
3359401,F,,,,,,,
3359728,R,,,,,,,
3363155,R,,,,,,,
3363309,F,,,,,,,
3364533,R,,,,,,,
3364709,F,,,,,,,
3365342,F,,,,,,,
3366681,F,,,,,,,
3367141,R,,,,,,,
3367225,F,,,,,,,
3368793,R,,,,,,,
3369854,R,,,,,,,
3375745,F,,,,,,,
3376005,R,,,,,,,
3378503,F,,,,,,,
3381192,F,,,,,,,
3381384,F,,,,,,,
3381731,R,,,,,,,
3382616,F,,,,,,,
3384599,F,,,,,,,
3385069,R,,,,,,,
3389098,F,,,,,,,
3393350,F,,,,,,,
3394623,R,,,,,,,
3394764,R,,,,,,,
3395101,F,,,,,,,
3396440,R,,,,,,,
3397191,R,,,,,,,
3398806,F,,,,,,,
3399408,R,,,,,,,
3401900,R,,,,,,,
3402082,R,,,,,,,
3404968,R,,,,,,,
3405121,F,,,,,,,
3406240,F,,,,,,,
3407688,R,,,,,,,
3408076,R,,,,,,,
3408864,R,,,,,,,
3409370,F,,,,,,,
3409418,R,,,,,,,
3410237,R,,,,,,,
3410253,F,,,,,,,
3410549,F,,,,,,,
3411169,R,,,,,,,
3411959,R,,,,,,,
3413123,R,,,,,,,
3414345,R,,,,,,,
3414934,R,,,,,,,
3415182,R,,,,,,,
3415326,R,,,,,,,
3416081,F,,,,,,,
3418662,R,,,,,,,
3418966,R,,,,,,,
3419389,R,,,,,,,
3419466,F,,,,,,,
3420398,R,,,,,,,
3420837,R,,,,,,,
3421213,F,,,,,,,
3421743,F,,,,,,,
3423216,R,,,,,,,
3425478,R,,,,,,,
3425499,F,,,,,,,
3425841,R,,,,,,,
3425851,F,,,,,,,
3426226,F,,,,,,,
3426936,R,,,,,,,
3427857,R,,,,,,,
3428530,F,,,,,,,
3430361,F,,,,,,,
3431293,F,,,,,,,
3431473,R,,,,,,,
3431727,R,,,,,,,
3431810,F,,,,,,,
3431924,R,,,,,,,
3433432,F,,,,,,,
3433545,F,,,,,,,
3436297,R,,,,,,,
3436685,R,,,,,,,
3440387,F,,,,,,,
3442160,R,,,,,,,
3442830,F,,,,,,,
3446012,F,,,,,,,
3446041,R,,,,,,,
3447193,R,,,,,,,
3447325,R,,,,,,,
3447415,R,,,,,,,
3448504,F,,,,,,,
3451766,F,,,,,,,
3451909,F,,,,,,,
3456924,R,,,,,,,
3456943,F,,,,,,,
3460075,F,,,,,,,
3461749,R,,,,,,,
3463969,F,,,,,,,
3467391,F,,,,,,,
3468052,R,,,,,,,
3468136,R,,,,,,,
3468233,R,,,,,,,
3468334,R,,,,,,,
3468363,R,,,,,,,
3469264,R,,,,,,,
3470554,R,,,,,,,
3470830,R,,,,,,,
3471375,R,,,,,,,
3471841,R,,,,,,,
3473062,R,,,,,,,
3473883,R,,,,,,,
3473903,F,,,,,,,
3475745,F,,,,,,,
3477019,R,,,,,,,
3477175,R,,,,,,,
3481459,R,,,,,,,
3482342,F,,,,,,,
3482689,R,,,,,,,
3482848,R,,,,,,,
3482986,F,,,,,,,
3483213,R,,,,,,,
3490172,F,,,,,,,
3490330,F,,,,,,,
3492029,R,,,,,,,
3492135,F,,,,,,,
3492895,R,,,,,,,
3493062,F,,,,,,,
3493135,F,,,,,,,
3493172,F,,,,,,,
3494567,F,,,,,,,
3495119,R,,,,,,,
3495454,R,,,,,,,
3496410,R,,,,,,,
3496512,F,,,,,,,
3496730,F,,,,,,,
3496815,F,,,,,,,
3497156,F,,,,,,,
3497364,F,,,,,,,
3497436,F,,,,,,,
3497510,F,,,,,,,
3499044,R,,,,,,,
3499075,F,,,,,,,
3500058,R,,,,,,,
3500568,R,,,,,,,
3500790,R,,,,,,,
3501167,F,,,,,,,
3502083,R,,,,,,,
3502259,F,,,,,,,
3503277,R,,,,,,,
3503301,F,,,,,,,
3504186,F,,,,,,,
3505147,R,,,,,,,
3505279,R,,,,,,,
3505330,F,,,,,,,
3508095,F,,,,,,,
3508883,F,,,,,,,
3508954,F,,,,,,,
3509546,R,,,,,,,
3511388,R,,,,,,,
3511427,R,,,,,,,
3512802,R,,,,,,,
3520951,F,,,,,,,
3526829,F,,,,,,,
3527053,F,,,,,,,
3529234,R,,,,,,,
3529800,R,,,,,,,
3530326,R,,,,,,,
3530857,R,,,,,,,
3531138,R,,,,,,,
3531146,F,,,,,,,
3532535,F,,,,,,,
3533211,F,,,,,,,
3533477,R,,,,,,,
3533910,F,,,,,,,
3534639,R,,,,,,,
3535414,R,,,,,,,
3536064,F,,,,,,,
3537239,R,,,,,,,
3537391,R,,,,,,,
3538359,F,,,,,,,
3539654,F,,,,,,,
3540475,R,,,,,,,
3540863,R,,,,,,,
3540919,R,,,,,,,
3540926,F,,,,,,,
3541364,R,,,,,,,
3542045,R,,,,,,,
3542102,F,,,,,,,
3544139,R,,,,,,,
3545327,R,,,,,,,
3545368,R,,,,,,,
3545414,F,,,,,,,
3545421,R,,,,,,,
3546536,R,,,,,,,
3547394,R,,,,,,,
3549951,R,,,,,,,
3550357,F,,,,,,,
3552218,R,,,,,,,
3552523,F,,,,,,,
3553701,R,,,,,,,
3554006,F,,,,,,,
3554268,F,,,,,,,
3555580,F,,,,,,,
3556687,R,,,,,,,
3556873,F,,,,,,,
3557333,R,,,,,,,
3559448,R,,,,,,,
3563217,R,,,,,,,
3564305,F,,,,,,,
3567029,R,,,,,,,
3567039,F,,,,,,,
3569032,R,,,,,,,
3571211,R,,,,,,,
3571338,F,,,,,,,
3573711,R,,,,,,,
3581055,F,,,,,,,
3581634,F,,,,,,,
3581896,R,,,,,,,
3581920,F,,,,,,,
3582131,R,,,,,,,
3582490,R,,,,,,,
3582527,R,,,,,,,
3582792,R,,,,,,,
3583543,F,,,,,,,
3583768,R,,,,,,,
3584829,R,,,,,,,
3584885,R,,,,,,,
3584937,F,,,,,,,
3585001,F,,,,,,,
3586097,F,,,,,,,
3587539,R,,,,,,,
3587609,F,,,,,,,
3587801,F,,,,,,,
3591569,R,,,,,,,
3591646,F,,,,,,,
3592501,R,,,,,,,
3592679,F,,,,,,,
3595502,F,,,,,,,
3595574,F,,,,,,,
3595602,F,,,,,,,
3595724,F,,,,,,,
3595815,F,,,,,,,
3597807,F,,,,,,,
3597831,R,,,,,,,
3597916,F,,,,,,,
3599338,F,,,,,,,
3599679,R,,,,,,,
3599851,F,,,,,,,
3602186,R,,,,,,,
3602661,F,,,,,,,
3603322,R,,,,,,,
3607084,R,,,,,,,
3607694,R,,,,,,,
3608289,R,,,,,,,
3609738,R,,,,,,,
3609969,R,,,,,,,
3611012,R,,,,,,,
3611312,F,,,,,,,
3611485,R,,,,,,,
3612507,R,,,,,,,
3613605,R,,,,,,,
3614222,F,,,,,,,
3614339,R,,,,,,,
3614398,R,,,,,,,
3616910,R,,,,,,,
3618168,F,,,,,,,
3620570,R,,,,,,,
3621270,F,,,,,,,
3621432,F,,,,,,,
3621466,R,,,,,,,
3626821,R,,,,,,,
3627340,R,,,,,,,
3629189,R,,,,,,,
3629715,R,,,,,,,
3630509,R,,,,,,,
3631690,R,,,,,,,
3632022,R,,,,,,,
3633639,F,,,,,,,
3638747,R,,,,,,,
3639252,R,,,,,,,
3640209,R,,,,,,,
3640376,R,,,,,,,
3642912,F,,,,,,,
3643249,F,,,,,,,
3645942,F,,,,,,,
3646302,F,,,,,,,
3647705,R,,,,,,,
3647809,R,,,,,,,
3647870,R,,,,,,,
3647888,F,,,,,,,
3649468,F,,,,,,,
3650188,F,,,,,,,
3653347,R,,,,,,,
3653416,F,,,,,,,
3656066,R,,,,,,,
3660022,F,,,,,,,
3660426,R,,,,,,,
3662062,F,,,,,,,
3662976,F,,,,,,,
3664631,R,,,,,,,
3664928,F,,,,,,,
3665498,F,,,,,,,
3669406,R,,,,,,,
3669952,R,,,,,,,
3669962,F,,,,,,,
3669988,R,,,,,,,
3670123,R,,,,,,,
3670442,R,,,,,,,
3670503,R,,,,,,,
3670619,R,,,,,,,
3670705,R,,,,,,,
3670792,R,,,,,,,
3670800,F,,,,,,,
3670905,R,,,,,,,
3670988,R,,,,,,,
3671034,R,,,,,,,
3671115,R,,,,,,,
3671183,R,,,,,,,
3671550,R,,,,,,,
3671680,R,,,,,,,
3671794,R,,,,,,,
3671811,F,,,,,,,
3671840,R,,,,,,,
3671844,F,,,,,,,
3672039,F,,,,,,,
3672297,R,,,,,,,
3673048,F,,,,,,,
3675176,R,,,,,,,
3676066,F,,,,,,,
3680368,R,,,,,,,
3682753,R,,,,,,,
3683024,R,,,,,,,
3684547,R,,,,,,,
3686013,R,,,,,,,
3687630,R,,,,,,,
3687690,F,,,,,,,
3689481,R,,,,,,,
3690856,F,,,,,,,
3691873,F,,,,,,,
3692492,R,,,,,,,
3693989,R,,,,,,,
3693999,F,,,,,,,
3696527,F,,,,,,,
3697198,F,,,,,,,
3698455,R,,,,,,,
3700336,R,,,,,,,
3701016,R,,,,,,,
3702161,F,,,,,,,
3702444,R,,,,,,,
3703899,R,,,,,,,
3703984,F,,,,,,,
3708316,R,,,,,,,
3709354,R,,,,,,,
3709639,R,,,,,,,
3709702,R,,,,,,,
3711370,R,,,,,,,
3711675,F,,,,,,,
3712360,R,,,,,,,
3714341,R,,,,,,,
3715264,R,,,,,,,
3715774,F,,,,,,,
3720528,F,,,,,,,
3721208,R,,,,,,,
3721232,F,,,,,,,
3723634,R,,,,,,,
3723728,F,,,,,,,
3725851,R,,,,,,,
3725970,F,,,,,,,
3727387,R,,,,,,,
3730175,F,,,,,,,
3731144,R,,,,,,,
3736939,F,,,,,,,
3744752,F,,,,,,,
3747329,R,,,,,,,
3747833,R,,,,,,,
3752231,R,,,,,,,
3753218,R,,,,,,,
3755477,F,,,,,,,
3755770,F,,,,,,,
3756540,R,,,,,,,
3758350,R,,,,,,,
3760276,F,,,,,,,
3762210,F,,,,,,,
3762282,F,,,,,,,
3763692,F,,,,,,,
3764233,R,,,,,,,
3765565,F,,,,,,,
3767457,F,,,,,,,
3769111,F,,,,,,,
3770649,R,,,,,,,
3772563,R,,,,,,,
3775361,R,,,,,,,
3777577,F,,,,,,,
3777633,R,,,,,,,
3778521,F,,,,,,,
3780979,R,,,,,,,
3781002,F,,,,,,,
3783383,F,,,,,,,
3784902,F,,,,,,,
3785846,R,,,,,,,
3786111,R,,,,,,,
3786457,R,,,,,,,
3789058,R,,,,,,,
3790125,F,,,,,,,
3790896,F,,,,,,,
3791207,F,,,,,,,
3794441,R,,,,,,,
3795119,R,,,,,,,
3795424,F,,,,,,,
3796908,F,,,,,,,
3797915,R,,,,,,,
3798229,F,,,,,,,
3798841,R,,,,,,,
3799134,F,,,,,,,
3799911,R,,,,,,,
3799988,F,,,,,,,
3800059,F,,,,,,,
3800093,R,,,,,,,
3801450,R,,,,,,,
3804808,R,,,,,,,
3804865,F,,,,,,,
3805621,F,,,,,,,
3806044,F,,,,,,,
3806150,R,,,,,,,
3808437,R,,,,,,,
3808461,F,,,,,,,
3814079,R,,,,,,,
3814209,R,,,,,,,
3814772,R,,,,,,,
3816106,R,,,,,,,
3817220,F,,,,,,,
3820866,R,,,,,,,
3821721,F,,,,,,,
3824404,F,,,,,,,
3824634,R,,,,,,,
3826273,F,,,,,,,
3828727,R,,,,,,,
3828760,R,,,,,,,
3831555,R,,,,,,,
3831726,F,,,,,,,
3833623,R,,,,,,,
3833665,R,,,,,,,
3834791,F,,,,,,,
3837458,R,,,,,,,
3838657,F,,,,,,,
3838864,R,,,,,,,
3841395,R,,,,,,,
3841566,F,,,,,,,
3841669,F,,,,,,,
3841845,R,,,,,,,
3842267,R,,,,,,,
3842973,R,,,,,,,
3843037,R,,,,,,,
3846597,F,,,,,,,
3847193,R,,,,,,,
3847288,F,,,,,,,
3847631,R,,,,,,,
3850324,F,,,,,,,
3851606,F,,,,,,,
3854823,R,,,,,,,
3855053,R,,,,,,,
3856920,F,,,,,,,
3857966,R,,,,,,,
3861403,R,,,,,,,
3862511,R,,,,,,,
3863164,R,,,,,,,
3865617,F,,,,,,,
3870820,R,,,,,,,
3872617,F,,,,,,,
3872851,R,,,,,,,
3877132,R,,,,,,,
3877431,F,,,,,,,
3877454,R,,,,,,,
3878673,F,,,,,,,
3880321,R,,,,,,,
3880811,R,,,,,,,
3881085,R,,,,,,,
3881501,F,,,,,,,
3881837,F,,,,,,,
3883525,F,,,,,,,
3885141,R,,,,,,,
3888185,R,,,,,,,
3889371,F,,,,,,,
3889434,F,,,,,,,
3891767,R,,,,,,,
3892072,F,,,,,,,
3892313,R,,,,,,,
3892355,R,,,,,,,
3892396,F,,,,,,,
3892461,F,,,,,,,
3893958,F,,,,,,,
3894364,F,,,,,,,
3894743,F,,,,,,,
3895234,F,,,,,,,
3895679,F,,,,,,,
3896665,F,,,,,,,
3899068,F,,,,,,,
3899892,F,,,,,,,
3900450,R,,,,,,,
3901166,R,,,,,,,
3901473,R,,,,,,,
3902866,F,,,,,,,
3904100,R,,,,,,,
3905697,F,,,,,,,
3906477,R,,,,,,,
3907518,R,,,,,,,
3908066,R,,,,,,,
3908071,F,,,,,,,
3909382,R,,,,,,,
3909865,F,,,,,,,
3910096,F,,,,,,,
3913589,F,,,,,,,
3914065,F,,,,,,,
3914624,F,,,,,,,
3919004,R,,,,,,,
3919101,R,,,,,,,
3919228,R,,,,,,,
3920065,R,,,,,,,
3920945,R,,,,,,,
3922295,R,,,,,,,
3923078,R,,,,,,,
3924679,F,,,,,,,
3926504,F,,,,,,,
3930847,F,,,,,,,
3930948,F,,,,,,,
3936720,F,,,,,,,
3939260,R,,,,,,,
3939558,F,,,,,,,
3950421,F,,,,,,,
3952499,F,,,,,,,
3954701,R,,,,,,,
3955548,F,,,,,,,
3956281,R,,,,,,,
3957646,R,,,,,,,
3958096,F,,,,,,,
3959384,R,,,,,,,
3960029,F,,,,,,,
3960826,F,,,,,,,
3962324,R,,,,,,,
3962411,F,,,,,,,
3965250,R,,,,,,,
3966048,R,,,,,,,
3968149,F,,,,,,,
3968334,R,,,,,,,
3968623,F,,,,,,,
3968944,R,,,,,,,
3970351,F,,,,,,,
3975071,F,,,,,,,
3975342,R,,,,,,,
3975452,R,,,,,,,
3978003,F,,,,,,,
3979437,R,,,,,,,
3982598,F,,,,,,,
3985466,R,,,,,,,
3985557,F,,,,,,,
3986844,F,,,,,,,
3987229,R,,,,,,,
3989098,R,,,,,,,
3989117,F,,,,,,,
3992697,R,,,,,,,
3992721,F,,,,,,,
3993177,R,,,,,,,
3995618,F,,,,,,,
3997312,F,,,,,,,
3997901,R,,,,,,,
3997919,F,,,,,,,
3999672,F,,,,,,,
4009852,F,,,,,,,
4012269,F,,,,,,,
4012299,R,,,,,,,
4012392,F,,,,,,,
4013478,F,,,,,,,
4016288,F,,,,,,,
4018334,F,,,,,,,
4021982,F,,,,,,,
4023804,R,,,,,,,
4024263,R,,,,,,,
4025203,R,,,,,,,
4025454,F,,,,,,,
4025565,R,,,,,,,
4025782,F,,,,,,,
4029762,R,,,,,,,
4029855,F,,,,,,,
4030494,R,,,,,,,
4034057,F,,,,,,,
4034232,F,,,,,,,
4035697,R,,,,,,,
4038086,R,,,,,,,
4040759,R,,,,,,,
4040860,R,,,,,,,
4041209,F,,,,,,,
4041366,R,,,,,,,
4041979,F,,,,,,,
4042330,F,,,,,,,
4042698,R,,,,,,,
4046179,R,,,,,,,
4047496,R,,,,,,,
4048580,F,,,,,,,
4051258,R,,,,,,,
4051372,F,,,,,,,
4052932,R,,,,,,,
4054436,R,,,,,,,
4054661,R,,,,,,,
4054786,R,,,,,,,
4054827,R,,,,,,,
4054933,R,,,,,,,
4055312,R,,,,,,,
4055361,R,,,,,,,
4055392,R,,,,,,,
4055770,R,,,,,,,
4055809,R,,,,,,,
4056017,R,,,,,,,
4056076,R,,,,,,,
4056147,R,,,,,,,
4056274,R,,,,,,,
4056275,F,,,,,,,
4056443,R,,,,,,,
4056601,F,,,,,,,
4056684,R,,,,,,,
4056710,F,,,,,,,
4057733,F,,,,,,,
4060166,R,,,,,,,
4062342,F,,,,,,,
4062527,F,,,,,,,
4063856,R,,,,,,,
4064200,R,,,,,,,
4068418,R,,,,,,,
4069075,R,,,,,,,
4070005,R,,,,,,,
4071679,F,,,,,,,
4073046,F,,,,,,,
4073952,F,,,,,,,
4075687,F,,,,,,,
4077295,R,,,,,,,
4077949,F,,,,,,,
4080784,R,,,,,,,
4081388,F,,,,,,,
4081465,R,,,,,,,
4082867,F,,,,,,,
4083022,R,,,,,,,
4085340,F,,,,,,,
4087380,R,,,,,,,
4087423,R,,,,,,,
4088188,R,,,,,,,
4088707,R,,,,,,,
4091841,F,,,,,,,
4092070,F,,,,,,,
4095518,R,,,,,,,
4095603,F,,,,,,,
4096763,R,,,,,,,
4099480,R,,,,,,,
4099596,F,,,,,,,
4099647,F,,,,,,,
4100669,R,,,,,,,
4100680,F,,,,,,,
4101158,F,,,,,,,
4105252,R,,,,,,,
4105639,F,,,,,,,
4107084,R,,,,,,,
4107590,R,,,,,,,
4109708,R,,,,,,,
4110522,R,,,,,,,
4114539,R,,,,,,,
4115438,R,,,,,,,
4115791,R,,,,,,,
4115945,R,,,,,,,
4116017,F,,,,,,,
4116390,F,,,,,,,
4116423,F,,,,,,,
4118486,F,,,,,,,
4118691,R,,,,,,,
4118761,R,,,,,,,
4119253,F,,,,,,,
4119638,R,,,,,,,
4120118,F,,,,,,,
4120140,R,,,,,,,
4120181,R,,,,,,,
4121509,R,,,,,,,
4121698,R,,,,,,,
4121853,R,,,,,,,
4121891,F,,,,,,,
4124139,F,,,,,,,
4124417,F,,,,,,,
4125797,R,,,,,,,
4126112,R,,,,,,,
4126533,F,,,,,,,
4128656,R,,,,,,,
4129109,R,,,,,,,
4129721,R,,,,,,,
4130357,R,,,,,,,
4130418,F,,,,,,,
4130445,F,,,,,,,
4130847,R,,,,,,,
4132803,R,,,,,,,
4133794,R,,,,,,,
4134721,R,,,,,,,
4136933,F,,,,,,,
4137116,R,,,,,,,
4137206,F,,,,,,,
4137292,R,,,,,,,
4139420,F,,,,,,,
4140130,F,,,,,,,
4140463,R,,,,,,,
4140550,F,,,,,,,
4142044,F,,,,,,,
4146475,F,,,,,,,
4146803,F,,,,,,,
4147445,F,,,,,,,
4148251,R,,,,,,,
4148318,R,,,,,,,
4149005,R,,,,,,,
4149480,R,,,,,,,
4149902,R,,,,,,,
4152823,F,,,,,,,
4153060,F,,,,,,,
4153512,R,,,,,,,
4153513,F,,,,,,,
4153618,F,,,,,,,
4155741,R,,,,,,,
4156729,R,,,,,,,
4160308,R,,,,,,,
4160975,R,,,,,,,
4161012,F,,,,,,,
4161041,R,,,,,,,
4162342,F,,,,,,,
4162826,F,,,,,,,
4163021,R,,,,,,,
4163651,R,,,,,,,
4166561,R,,,,,,,
4168281,R,,,,,,,
4168345,F,,,,,,,
4169442,F,,,,,,,
4169476,F,,,,,,,
4170229,F,,,,,,,
4170722,R,,,,,,,
4170739,F,,,,,,,
4171325,R,,,,,,,
4171326,F,,,,,,,
4172072,R,,,,,,,
4172685,R,,,,,,,
4172843,F,,,,,,,
4173372,R,,,,,,,
4174165,F,,,,,,,
4174200,R,,,,,,,
4177529,R,,,,,,,
4178099,F,,,,,,,
4178249,F,,,,,,,
4179554,R,,,,,,,
4181758,F,,,,,,,
4182357,F,,,,,,,
4182838,F,,,,,,,
4182934,F,,,,,,,
4183418,F,,,,,,,
4185025,F,,,,,,,
4185890,R,,,,,,,
4186080,F,,,,,,,
4186634,F,,,,,,,
4187463,F,,,,,,,
4187614,R,,,,,,,
4187686,F,,,,,,,
4189859,F,,,,,,,
4190693,R,,,,,,,
4190797,F,,,,,,,
4191069,R,,,,,,,
4191199,F,,,,,,,
4191253,R,,,,,,,
4192070,F,,,,,,,
4192780,F,,,,,,,
4192860,F,,,,,,,
4193314,R,,,,,,,
4195440,F,,,,,,,
4195701,F,,,,,,,
4196585,R,,,,,,,
4198652,R,,,,,,,
4199217,R,,,,,,,
4200243,R,,,,,,,
4201533,F,,,,,,,
4201890,R,,,,,,,
4202026,R,,,,,,,
4205373,R,,,,,,,
4205487,F,,,,,,,
4206303,F,,,,,,,
4207673,F,,,,,,,
4208870,R,,,,,,,
4208997,F,,,,,,,
4209368,F,,,,,,,
4211176,R,,,,,,,
4211685,R,,,,,,,
4211820,R,,,,,,,
4212127,F,,,,,,,
4212676,R,,,,,,,
4213977,R,,,,,,,
4214615,F,,,,,,,
4215766,R,,,,,,,
4217062,R,,,,,,,
4217097,R,,,,,,,
4218825,R,,,,,,,
4218835,F,,,,,,,
4222703,F,,,,,,,
4223230,F,,,,,,,
4224895,R,,,,,,,
4224968,R,,,,,,,
4224985,F,,,,,,,
4228661,F,,,,,,,
4230545,R,,,,,,,
4230969,R,,,,,,,
4231238,F,,,,,,,
4231275,F,,,,,,,
4233215,R,,,,,,,
4233242,F,,,,,,,
4234528,F,,,,,,,
4234653,F,,,,,,,
4235310,F,,,,,,,
4236627,R,,,,,,,
4248080,F,,,,,,,
4249052,F,,,,,,,
4250026,R,,,,,,,
4250523,F,,,,,,,
4251085,F,,,,,,,
4252998,R,,,,,,,
4253331,F,,,,,,,
4258265,R,,,,,,,
4258405,R,,,,,,,
4263244,R,,,,,,,
4263372,F,,,,,,,
4264453,R,,,,,,,
4264694,F,,,,,,,
4265494,F,,,,,,,
4265531,R,,,,,,,
4265756,R,,,,,,,
4266225,R,,,,,,,
4266718,F,,,,,,,
4266750,R,,,,,,,
4268914,R,,,,,,,
4271236,F,,,,,,,
4272504,F,,,,,,,
4273471,R,,,,,,,
4273615,R,,,,,,,
4273658,F,,,,,,,
4273830,F,,,,,,,
4273877,F,,,,,,,
4273945,R,,,,,,,
4274337,R,,,,,,,
4274595,F,,,,,,,
4274723,R,,,,,,,
4274756,F,,,,,,,
4275534,R,,,,,,,
4275551,F,,,,,,,
4275610,R,,,,,,,
4276433,R,,,,,,,
4277405,F,,,,,,,
4277981,R,,,,,,,
4280411,R,,,,,,,
4281571,R,,,,,,,
4282412,F,,,,,,,
4284071,F,,,,,,,
4284764,F,,,,,,,
4285207,F,,,,,,,
4285882,F,,,,,,,
4285973,F,,,,,,,
4286347,F,,,,,,,
4286779,F,,,,,,,
4287951,F,,,,,,,
4288250,R,,,,,,,
4288530,R,,,,,,,
4288822,F,,,,,,,
4291457,R,,,,,,,
4295772,F,,,,,,,
4295907,R,,,,,,,
4298497,R,,,,,,,
4299616,R,,,,,,,
4299810,F,,,,,,,
4300310,R,,,,,,,
4303069,R,,,,,,,
4305602,F,,,,,,,
4305757,F,,,,,,,
4306184,R,,,,,,,
4306865,F,,,,,,,
4310811,F,,,,,,,
4311853,R,,,,,,,
4314165,R,,,,,,,
4314178,F,,,,,,,
4314366,F,,,,,,,
4315562,R,,,,,,,
4316042,R,,,,,,,
4316595,F,,,,,,,
4316596,R,,,,,,,
4316724,R,,,,,,,
4317071,F,,,,,,,
4319715,R,,,,,,,
4319862,R,,,,,,,
4320534,R,,,,,,,
4320619,F,,,,,,,
4321397,F,,,,,,,
4321473,F,,,,,,,
4321803,R,,,,,,,
4322175,F,,,,,,,
4323653,F,,,,,,,
4326173,F,,,,,,,
4326749,R,,,,,,,
4327473,R,,,,,,,
4327549,F,,,,,,,
4328164,F,,,,,,,
4329618,R,,,,,,,
4329956,R,,,,,,,
4332779,R,,,,,,,
4333120,R,,,,,,,
4334354,R,,,,,,,
4335076,F,,,,,,,
4336268,R,,,,,,,
4336310,R,,,,,,,
4336375,R,,,,,,,
4336675,F,,,,,,,
4336685,R,,,,,,,
4337287,F,,,,,,,
4338466,F,,,,,,,
4338714,F,,,,,,,
4338858,F,,,,,,,
4340209,F,,,,,,,
4340725,R,,,,,,,
4341547,F,,,,,,,
4341680,R,,,,,,,
4342551,F,,,,,,,
4343291,F,,,,,,,
4345032,F,,,,,,,
4349729,F,,,,,,,
4350611,F,,,,,,,
4351480,R,,,,,,,
4352266,F,,,,,,,
4352570,F,,,,,,,
4354474,R,,,,,,,
4354787,R,,,,,,,
4355210,R,,,,,,,
4356363,R,,,,,,,
4356664,F,,,,,,,
4358433,F,,,,,,,
4360009,R,,,,,,,
4361445,R,,,,,,,
4361948,R,,,,,,,
4361979,F,,,,,,,
4362983,F,,,,,,,
4364824,F,,,,,,,
4364834,R,,,,,,,
4365293,F,,,,,,,
4365438,R,,,,,,,
4369980,F,,,,,,,
4371406,R,,,,,,,
4372836,F,,,,,,,
4372921,F,,,,,,,
4374424,R,,,,,,,
4376029,R,,,,,,,
4377644,R,,,,,,,
4382681,R,,,,,,,
4383104,F,,,,,,,
4383927,F,,,,,,,
4385672,R,,,,,,,
4386321,R,,,,,,,
4387474,F,,,,,,,
4387728,R,,,,,,,
4393075,R,,,,,,,
4393190,F,,,,,,,
4393979,F,,,,,,,
4398343,F,,,,,,,
4399391,R,,,,,,,
4400095,F,,,,,,,
4400438,F,,,,,,,
4400809,F,,,,,,,
4401690,F,,,,,,,
4403122,R,,,,,,,
4403141,F,,,,,,,
4403311,F,,,,,,,
4404253,F,,,,,,,
4404407,F,,,,,,,
4404571,F,,,,,,,
4405239,R,,,,,,,
4405257,F,,,,,,,
4405547,R,,,,,,,
4407633,R,,,,,,,
4408066,R,,,,,,,
4411087,R,,,,,,,
4411177,F,,,,,,,
4411270,F,,,,,,,